Номер действия;Номер касания;Координата X;Координата Y;Размер касания;Метка времени;Тип
0;0;289.5977783203125;950.2201538085938;0.11538462340831757;134042489;DU
0;0;289.5977783203125;950.2201538085938;0.13461539149284363;134042497;DU
0;0;289.5977783203125;950.2201538085938;0.1538461595773697;134042523;DU
0;0;289.5977783203125;950.2201538085938;0.17307692766189575;134042544;DU
0;0;289.5977783203125;950.2201538085938;0.13461539149284363;134042684;DU
0;0;285.5509033203125;908.882568359375;0.17307692766189575;134042701;DU
0;0;288.79278564453125;878.564453125;0.1538461595773697;134042718;DU
0;0;296.3514404296875;829.2786254882813;0.19230769574642181;134042734;DU
0;0;308.32427978515625;753.420654296875;0.17307692766189575;134042751;DU
0;0;325.1009216308594;653.4603271484375;0.19230769574642181;134042768;DU
0;0;381.90191650390625;528.1520385742188;0.1538461595773697;134042784;DU
0;0;440.4180603027344;421.8318786621094;0.21153846383094788;134042801;DU
0;0;517.6719360351563;325.6543884277344;0.13461539149284363;134042818;DU
0;0;564.2163696289063;282.7416076660156;0.11538462340831757;134042827;DU
1;0;368.48822021484375;927.2380981445313;0.11538462340831757;134043668;DU
1;0;358.6153869628906;879.2553100585938;0.13461539149284363;134043684;DU
1;0;351.4934997558594;819.1393432617188;0.13461539149284363;134043701;DU
1;0;353.74627685546875;732.0682373046875;0.13461539149284363;134043718;DU
1;0;374.1863708496094;637.64013671875;0.1538461595773697;134043734;DU
1;0;418.0922546386719;546.4078979492188;0.11538462340831757;134043751;DU
1;0;470.1689758300781;476.67694091796875;0.13461539149284363;134043768;DU
1;0;494.3134765625;450.6104736328125;0.19230769574642181;134043775;DU
2;0;306.57421875;925.2396850585938;0.13461539149284363;134044163;DU
2;0;306.57421875;925.2396850585938;0.1538461595773697;134044184;DU
2;0;306.57421875;925.2396850585938;0.13461539149284363;134044216;DU
2;0;306.57421875;925.2396850585938;0.13461539149284363;134044234;DU
2;0;297.31158447265625;885.5185546875;0.1538461595773697;134044251;DU
2;0;299.5623779296875;839.9962158203125;0.17307692766189575;134044268;DU
2;0;310.63897705078125;767.7571411132813;0.17307692766189575;134044284;DU
2;0;328.6240539550781;673.6871948242188;0.19230769574642181;134044301;DU
2;0;365.4351501464844;575.6617431640625;0.19230769574642181;134044318;DU
2;0;403.67010498046875;501.42620849609375;0.21153846383094788;134044334;DU
2;0;435.479736328125;449.4844665527344;0.19230769574642181;134044351;DU
2;0;458.3634033203125;417.63623046875;0.1538461595773697;134044362;DU
3;0;332.53814697265625;969.205322265625;0.1538461595773697;134044814;DU
3;0;332.53814697265625;969.205322265625;0.1538461595773697;134044834;DU
3;0;332.53814697265625;969.205322265625;0.17307692766189575;134044841;DU
3;0;331.3955078125;890.5167236328125;0.1538461595773697;134044868;DU
3;0;330.8421936035156;851.5377807617188;0.1538461595773697;134044884;DU
3;0;330.5409240722656;813.39794921875;0.21153846383094788;134044901;DU
3;0;332.4075622558594;773.627197265625;0.1538461595773697;134044918;DU
3;0;334.03607177734375;734.3887939453125;0.17307692766189575;134044934;DU
3;0;346.2167053222656;674.0352783203125;0.23076924681663513;134044951;DU
3;0;374.9727478027344;595.5921020507813;0.23076924681663513;134044968;DU
3;0;407.518798828125;527.3809204101563;0.25;134044984;DU
3;0;453.3700256347656;458.1912536621094;0.26923078298568726;134045001;DU
3;0;501.10345458984375;397.5668640136719;0.23076924681663513;134045018;DU
3;0;516.282958984375;379.6658935546875;0.19230769574642181;134045024;DU
4;0;349.5145568847656;881.2739868164063;0.13461539149284363;134045384;DU
4;0;349.5145568847656;881.2739868164063;0.17307692766189575;134045418;DU
4;0;349.5145568847656;881.2739868164063;0.1538461595773697;134045433;DU
4;0;361.54559326171875;832.5173950195313;0.13461539149284363;134045451;DU
4;0;366.2195739746094;771.1649780273438;0.21153846383094788;134045468;DU
4;0;376.1709899902344;680.5567626953125;0.19230769574642181;134045484;DU
4;0;406.124267578125;574.4078369140625;0.17307692766189575;134045501;DU
4;0;458.57769775390625;483.826416015625;0.21153846383094788;134045518;DU
4;0;522.7576904296875;400.9358215332031;0.21153846383094788;134045534;DU
4;0;592.2261352539063;333.40667724609375;0.23076924681663513;134045551;DU
4;0;626.13037109375;304.72442626953125;0.21153846383094788;134045559;DU
5;0;356.5048522949219;932.2341918945313;0.11538462340831757;134045927;DU
5;0;356.5048522949219;932.2341918945313;0.13461539149284363;134045985;DU
5;0;356.5048522949219;932.2341918945313;0.1538461595773697;134045995;DU
5;0;356.5048522949219;932.2341918945313;0.1538461595773697;134046035;DU
5;0;347.3617858886719;898.1347045898438;0.13461539149284363;134046051;DU
5;0;338.5080871582031;850.5718383789063;0.13461539149284363;134046068;DU
5;0;334.4389343261719;786.4649658203125;0.17307692766189575;134046085;DU
5;0;338.8731689453125;727.5723266601563;0.1538461595773697;134046101;DU
5;0;360.7843017578125;654.594970703125;0.17307692766189575;134046118;DU
5;0;404.2052001953125;575.1427001953125;0.17307692766189575;134046135;DU
5;0;448.8577575683594;503.52728271484375;0.17307692766189575;134046151;DU
5;0;479.82781982421875;452.4136962890625;0.1538461595773697;134046168;DU
5;0;517.24169921875;399.56658935546875;0.19230769574642181;134046185;DU
5;0;552.5118408203125;357.8202209472656;0.21153846383094788;134046201;DU
6;0;350.51318359375;948.2216796875;0.13461539149284363;134046601;DU
6;0;350.51318359375;948.2216796875;0.1538461595773697;134046618;DU
6;0;350.51318359375;948.2216796875;0.13461539149284363;134046635;DU
6;0;337.61328125;878.8511352539063;0.13461539149284363;134046651;DU
6;0;332.7303466796875;816.81396484375;0.1538461595773697;134046668;DU
6;0;331.53955078125;746.9439086914063;0.17307692766189575;134046685;DU
6;0;341.4303283691406;674.9124755859375;0.21153846383094788;134046701;DU
6;0;365.28564453125;596.3934936523438;0.23076924681663513;134046718;DU
6;0;396.6247253417969;534.1116333007813;0.25;134046735;DU
6;0;436.91082763671875;470.67266845703125;0.25;134046751;DU
6;0;482.7840576171875;411.1114807128906;0.23076924681663513;134046768;DU
6;0;516.585205078125;373.3681640625;0.23076924681663513;134046785;DU
6;0;549.8592529296875;341.38818359375;0.19230769574642181;134046801;DU
7;0;319.5561828613281;942.2263793945313;0.13461539149284363;134047155;DU
7;0;319.5561828613281;942.2263793945313;0.1538461595773697;134047208;DU
7;0;319.5561828613281;942.2263793945313;0.17307692766189575;134047251;DU
7;0;313.7272644042969;903.5863647460938;0.17307692766189575;134047268;DU
7;0;308.9959411621094;849.3878173828125;0.17307692766189575;134047285;DU
7;0;308.4980163574219;781.586669921875;0.19230769574642181;134047301;DU
7;0;314.5631103515625;713.90478515625;0.23076924681663513;134047317;DU
7;0;347.5705261230469;627.3392333984375;0.2884615361690521;134047335;DU
7;0;385.8267517089844;568.1729736328125;0.3076923191547394;134047351;DU
7;0;424.85260009765625;519.6253662109375;0.32692310214042664;134047368;DU
7;0;474.3730163574219;464.69158935546875;0.32692310214042664;134047385;DU
7;0;526.034423828125;414.32122802734375;0.21153846383094788;134047401;DU
8;0;329.54229736328125;945.2240600585938;0.13461539149284363;134047775;DU
8;0;329.54229736328125;945.2240600585938;0.1538461595773697;134047796;DU
8;0;329.54229736328125;945.2240600585938;0.19230769574642181;134047817;DU
8;0;331.6510314941406;914.2774658203125;0.1538461595773697;134047835;DU
8;0;333.5367736816406;850.9371337890625;0.11538462340831757;134047851;DU
8;0;333.5367736816406;772.3763427734375;0.13461539149284363;134047868;DU
8;0;345.8165588378906;665.9744873046875;0.17307692766189575;134047885;DU
8;0;372.5594177246094;567.908203125;0.19230769574642181;134047901;DU
8;0;408.5409240722656;496.64031982421875;0.23076924681663513;134047918;DU
8;0;448.9696960449219;435.2397766113281;0.25;134047935;DU
8;0;494.6167297363281;379.01043701171875;0.26923078298568726;134047951;DU
8;0;543.1636962890625;332.6180419921875;0.21153846383094788;134047968;DU
8;0;586.0870971679688;300.0755920410156;0.23076924681663513;134047985;DU
8;0;631.6605834960938;267.2474365234375;0.21153846383094788;134048001;DU
8;0;642.1082153320313;260.7587890625;0.21153846383094788;134048005;DU
9;0;337.5312194824219;949.220947265625;0.1538461595773697;134048362;DU
9;0;334.3050537109375;919.0918579101563;0.17307692766189575;134048385;DU
9;0;331.2227478027344;868.5738525390625;0.17307692766189575;134048401;DU
9;0;328.0744934082031;799.5313720703125;0.1538461595773697;134048418;DU
9;0;330.1937255859375;736.1668701171875;0.17307692766189575;134048435;DU
9;0;339.1193542480469;670.7376708984375;0.19230769574642181;134048451;DU
9;0;369.6769714355469;591.4304809570313;0.17307692766189575;134048468;DU
9;0;417.298583984375;520.68701171875;0.19230769574642181;134048485;DU
9;0;472.7444152832031;450.59051513671875;0.23076924681663513;134048501;DU
9;0;523.6239013671875;395.1260986328125;0.21153846383094788;134048518;DU
9;0;567.055908203125;351.8441162109375;0.17307692766189575;134048535;DU
10;0;354.50762939453125;944.2247924804688;0.09615384787321091;134048824;DU
10;0;354.50762939453125;944.2247924804688;0.11538462340831757;134048845;DU
10;0;354.50762939453125;944.2247924804688;0.13461539149284363;134048866;DU
10;0;354.50762939453125;944.2247924804688;0.1538461595773697;134048885;DU
10;0;350.8394470214844;929.1353149414063;0.1538461595773697;134048901;DU
10;0;341.4997863769531;875.071533203125;0.1538461595773697;134048918;DU
10;0;340.7095031738281;802.4024658203125;0.19230769574642181;134048935;DU
10;0;357.0046691894531;708.8678588867188;0.17307692766189575;134048951;DU
10;0;398.92431640625;594.2244873046875;0.17307692766189575;134048968;DU
10;0;455.6772155761719;497.48895263671875;0.21153846383094788;134048985;DU
10;0;508.20977783203125;428.00823974609375;0.17307692766189575;134049001;DU
10;0;509.29266357421875;426.6291809082031;0.1538461595773697;134049002;DU
11;0;357.50347900390625;993.1865234375;0.11538462340831757;134049433;DU
11;0;357.50347900390625;993.1865234375;0.13461539149284363;134049448;DU
11;0;357.50347900390625;993.1865234375;0.1538461595773697;134049464;DU
11;0;357.50347900390625;993.1865234375;0.17307692766189575;134049480;DU
11;0;357.50347900390625;993.1865234375;0.1538461595773697;134049501;DU
11;0;345.9117431640625;960.7100219726563;0.17307692766189575;134049518;DU
11;0;341.37139892578125;916.8289184570313;0.17307692766189575;134049535;DU
11;0;340.52703857421875;844.768310546875;0.11538462340831757;134049551;DU
11;0;360.611572265625;752.924560546875;0.1538461595773697;134049568;DU
11;0;396.09332275390625;647.3482055664063;0.21153846383094788;134049585;DU
11;0;436.8040466308594;561.8875122070313;0.21153846383094788;134049601;DU
11;0;487.11285400390625;479.11627197265625;0.19230769574642181;134049618;DU
11;0;536.6681518554688;408.81158447265625;0.1538461595773697;134049635;DU
11;0;559.2233276367188;384.6619873046875;0.1538461595773697;134049642;DU
12;0;333.5367736816406;896.2622680664063;0.13461539149284363;134050031;DU
12;0;334.6165771484375;870.3310546875;0.13461539149284363;134050068;DU
12;0;340.0653076171875;793.8908081054688;0.1538461595773697;134050085;DU
12;0;359.37091064453125;695.5909423828125;0.17307692766189575;134050101;DU
12;0;386.186767578125;586.6116943359375;0.19230769574642181;134050118;DU
12;0;423.4983215332031;513.5546264648438;0.21153846383094788;134050135;DU
12;0;464.3551025390625;449.61126708984375;0.23076924681663513;134050151;DU
12;0;504.0388488769531;400.14410400390625;0.25;134050168;DU
12;0;543.9409790039063;360.2889404296875;0.21153846383094788;134050185;DU
12;0;583.9659423828125;322.45489501953125;0.17307692766189575;134050201;DU
13;0;328.543701171875;949.220947265625;0.13461539149284363;134050551;DU
13;0;328.543701171875;949.220947265625;0.1538461595773697;134050556;DU
13;0;328.543701171875;949.220947265625;0.17307692766189575;134050585;DU
13;0;308.3314208984375;884.502197265625;0.13461539149284363;134050601;DU
13;0;299.0150146484375;836.8905029296875;0.17307692766189575;134050618;DU
13;0;296.15264892578125;765.4264526367188;0.19230769574642181;134050635;DU
13;0;309.9153747558594;689.4290161132813;0.1538461595773697;134050651;DU
13;0;339.8435974121094;603.9283447265625;0.1538461595773697;134050668;DU
13;0;379.7782897949219;523.2344970703125;0.19230769574642181;134050685;DU
13;0;424.1649169921875;458.1936950683594;0.17307692766189575;134050701;DU
13;0;465.9983215332031;398.6554870605469;0.17307692766189575;134050718;DU
13;0;476.33843994140625;389.6580810546875;0.17307692766189575;134050723;DU
14;0;319.5561828613281;963.2099609375;0.1538461595773697;134051049;DU
14;0;319.5561828613281;963.2099609375;0.13461539149284363;134051065;DU
14;0;319.5561828613281;963.2099609375;0.1538461595773697;134051081;DU
14;0;315.74627685546875;895.0187377929688;0.19230769574642181;134051101;DU
14;0;311.03302001953125;811.6234741210938;0.19230769574642181;134051118;DU
14;0;319.8708190917969;712.5426635742188;0.21153846383094788;134051135;DU
14;0;347.4725646972656;629.7464599609375;0.23076924681663513;134051151;DU
14;0;373.75872802734375;563.3278198242188;0.23076924681663513;134051168;DU
14;0;405.1232604980469;510.9287109375;0.23076924681663513;134051185;DU
14;0;443.8835144042969;462.1014404296875;0.19230769574642181;134051201;DU
14;0;488.4997863769531;415.5731201171875;0.21153846383094788;134051218;DU
14;0;530.5821533203125;380.80975341796875;0.17307692766189575;134051235;DU
14;0;538.25244140625;374.6697998046875;0.19230769574642181;134051238;DU
15;0;315.5617370605469;939.2286987304688;0.13461539149284363;134051500;DU
15;0;315.5617370605469;939.2286987304688;0.1538461595773697;134051518;DU
15;0;315.5617370605469;939.2286987304688;0.19230769574642181;134051535;DU
15;0;313.7433166503906;898.2896118164063;0.13461539149284363;134051551;DU
15;0;318.0582275390625;835.8095703125;0.11538462340831757;134051568;DU
15;0;326.0696716308594;754.3566284179688;0.13461539149284363;134051585;DU
15;0;347.8729553222656;666.4662475585938;0.17307692766189575;134051601;DU
15;0;379.4296875;579.625244140625;0.17307692766189575;134051618;DU
15;0;422.05242919921875;508.207763671875;0.19230769574642181;134051635;DU
15;0;425.4091491699219;502.56988525390625;0.17307692766189575;134051636;DU
16;0;330.5409240722656;947.2224731445313;0.13461539149284363;134051994;DU
16;0;330.5409240722656;947.2224731445313;0.17307692766189575;134052035;DU
16;0;332.67950439453125;931.7083129882813;0.17307692766189575;134052051;DU
16;0;336.7597961425781;893.7615356445313;0.13461539149284363;134052068;DU
16;0;340.96295166015625;832.8634033203125;0.11538462340831757;134052085;DU
16;0;345.42718505859375;754.9550170898438;0.17307692766189575;134052101;DU
16;0;366.31976318359375;654.9476318359375;0.13461539149284363;134052118;DU
16;0;391.456298828125;564.0218505859375;0.13461539149284363;134052135;DU
16;0;425.24896240234375;505.07269287109375;0.17307692766189575;134052151;DU
16;0;461.4068298339844;458.8817138671875;0.1538461595773697;134052168;DU
16;0;500.1686706542969;417.4870300292969;0.17307692766189575;134052185;DU
16;0;541.3707275390625;384.7315673828125;0.17307692766189575;134052201;DU
16;0;562.2191772460938;366.676025390625;0.17307692766189575;134052214;DU
17;0;339.5284423828125;876.2778930664063;0.11538462340831757;134052518;DU
17;0;335.2757568359375;840.1080932617188;0.1538461595773697;134052535;DU
17;0;333.5367736816406;773.7022705078125;0.19230769574642181;134052552;DU
17;0;348.74957275390625;687.6156616210938;0.17307692766189575;134052568;DU
17;0;380.8908996582031;594.6580810546875;0.19230769574642181;134052585;DU
17;0;426.8739929199219;513.1010131835938;0.21153846383094788;134052602;DU
17;0;481.76165771484375;438.12335205078125;0.21153846383094788;134052618;DU
17;0;495.31207275390625;421.6330871582031;0.1538461595773697;134052622;DU
18;0;311.5672607421875;995.18505859375;0.11538462340831757;134053001;DU
18;0;311.5672607421875;995.18505859375;0.17307692766189575;134053035;DU
18;0;311.5672607421875;995.18505859375;0.1538461595773697;134053063;DU
18;0;299.4590759277344;931.5096435546875;0.17307692766189575;134053085;DU
18;0;292.2821350097656;859.804443359375;0.19230769574642181;134053102;DU
18;0;295.2521667480469;768.8966674804688;0.23076924681663513;134053118;DU
18;0;319.7686462402344;674.365234375;0.21153846383094788;134053135;DU
18;0;361.9106750488281;573.0195922851563;0.19230769574642181;134053152;DU
18;0;419.5636291503906;492.8897705078125;0.21153846383094788;134053168;DU
18;0;480.9659423828125;419.1830749511719;0.23076924681663513;134053185;DU
18;0;548.91552734375;355.9926452636719;0.21153846383094788;134053202;DU
18;0;610.5999755859375;310.8384094238281;0.19230769574642181;134053218;DU
18;0;617.1428833007813;305.7236633300781;0.23076924681663513;134053220;DU
19;0;360.49932861328125;926.2388916015625;0.13461539149284363;134053568;DU
19;0;346.17962646484375;859.578125;0.19230769574642181;134053585;DU
19;0;339.63031005859375;788.57080078125;0.1538461595773697;134053602;DU
19;0;346.40472412109375;692.9260864257813;0.1538461595773697;134053618;DU
19;0;373.91265869140625;581.1858520507813;0.1538461595773697;134053635;DU
19;0;391.4563293457031;548.533935546875;0.17307692766189575;134053641;DU
20;0;325.5478515625;983.1943359375;0.17307692766189575;134054102;DU
20;0;325.5478515625;983.1943359375;0.1538461595773697;134054118;DU
20;0;311.4345397949219;943.0013427734375;0.13461539149284363;134054135;DU
20;0;300.9324951171875;908.3189086914063;0.19230769574642181;134054152;DU
20;0;291.2619323730469;854.0716552734375;0.13461539149284363;134054168;DU
20;0;292.1556091308594;767.4042358398438;0.1538461595773697;134054185;DU
20;0;309.5614929199219;687.3673706054688;0.1538461595773697;134054202;DU
20;0;336.33245849609375;620.7984619140625;0.19230769574642181;134054218;DU
20;0;379.327880859375;558.9002075195313;0.13461539149284363;134054235;DU
20;0;435.0513916015625;500.91558837890625;0.17307692766189575;134054252;DU
20;0;487.75970458984375;456.7882385253906;0.11538462340831757;134054268;DU
20;0;518.9222412109375;425.9867248535156;0.19230769574642181;134054285;DU
20;0;549.8323364257813;395.0791320800781;0.13461539149284363;134054302;DU
20;0;550.2357788085938;394.6541748046875;0.17307692766189575;134054302;DU
21;0;360.49932861328125;894.2638549804688;0.09615384787321091;134054595;DU
21;0;360.49932861328125;894.2638549804688;0.11538462340831757;134054616;DU
21;0;360.49932861328125;894.2638549804688;0.13461539149284363;134054635;DU
21;0;353.6748046875;843.731689453125;0.13461539149284363;134054652;DU
21;0;352.5104064941406;786.0852661132813;0.19230769574642181;134054668;DU
21;0;362.1986389160156;703.2029418945313;0.19230769574642181;134054685;DU
21;0;380.67230224609375;601.753662109375;0.17307692766189575;134054702;DU
21;0;417.235595703125;522.212890625;0.19230769574642181;134054718;DU
21;0;462.97723388671875;443.0380554199219;0.19230769574642181;134054735;DU
21;0;518.3240356445313;380.9086608886719;0.1538461595773697;134054752;DU
21;0;552.2330322265625;344.6932067871094;0.17307692766189575;134054763;DU
22;0;369.4868469238281;890.2669677734375;0.1538461595773697;134055152;DU
22;0;365.8279113769531;870.7409057617188;0.11538462340831757;134055168;DU
22;0;361.1133117675781;822.5428466796875;0.19230769574642181;134055185;DU
22;0;368.93414306640625;743.3656616210938;0.19230769574642181;134055202;DU
22;0;385.6817321777344;641.5403442382813;0.17307692766189575;134055218;DU
22;0;431.6834411621094;542.052734375;0.11538462340831757;134055235;DU
22;0;480.0616149902344;462.7491760253906;0.13461539149284363;134055252;DU
22;0;532.3887329101563;399.7560729980469;0.17307692766189575;134055268;DU
22;0;578.0682983398438;354.1247863769531;0.1538461595773697;134055285;DU
22;0;628.3506469726563;311.2496643066406;0.19230769574642181;134055302;DU
23;0;358.5020751953125;929.2365112304688;0.13461539149284363;134055655;DU
23;0;358.5020751953125;929.2365112304688;0.1538461595773697;134055677;DU
23;0;358.5020751953125;929.2365112304688;0.17307692766189575;134055698;DU
23;0;353.26385498046875;896.0408935546875;0.17307692766189575;134055735;DU
23;0;347.22796630859375;816.2256469726563;0.1538461595773697;134055752;DU
23;0;366.4454650878906;708.614013671875;0.1538461595773697;134055768;DU
23;0;406.3680725097656;597.3375244140625;0.21153846383094788;134055785;DU
23;0;452.7971496582031;519.0955810546875;0.23076924681663513;134055802;DU
23;0;501.2089538574219;453.7668762207031;0.23076924681663513;134055818;DU
23;0;550.480224609375;397.5440673828125;0.25;134055835;DU
23;0;600.0042114257813;351.0607604980469;0.23076924681663513;134055852;DU
23;0;655.4595947265625;304.24981689453125;0.23076924681663513;134055868;DU
24;0;353.509033203125;926.2388916015625;0.1538461595773697;134056233;DU
24;0;353.509033203125;926.2388916015625;0.1538461595773697;134056268;DU
24;0;353.509033203125;926.2388916015625;0.1538461595773697;134056285;DU
24;0;347.95556640625;854.0931396484375;0.17307692766189575;134056302;DU
24;0;352.0584411621094;781.5096435546875;0.21153846383094788;134056318;DU
24;0;372.18524169921875;686.5020751953125;0.19230769574642181;134056335;DU
24;0;409.1225891113281;589.2965698242188;0.1538461595773697;134056352;DU
24;0;452.2972717285156;514.993896484375;0.17307692766189575;134056368;DU
24;0;500.8044738769531;450.11083984375;0.17307692766189575;134056385;DU
24;0;550.676513671875;393.99127197265625;0.17307692766189575;134056402;DU
24;0;574.2025146484375;368.6744689941406;0.11538462340831757;134056411;DU
25;0;345.5201110839844;955.2162475585938;0.1538461595773697;134056768;DU
25;0;345.5201110839844;955.2162475585938;0.1538461595773697;134056835;DU
25;0;345.5201110839844;955.2162475585938;0.17307692766189575;134056852;DU
25;0;343.5911865234375;895.963134765625;0.13461539149284363;134056868;DU
25;0;350.13677978515625;824.3368530273438;0.19230769574642181;134056885;DU
25;0;366.9007568359375;720.7283935546875;0.1538461595773697;134056902;DU
25;0;395.1626281738281;611.7430419921875;0.21153846383094788;134056918;DU
25;0;441.86956787109375;524.9147338867188;0.19230769574642181;134056935;DU
25;0;488.70001220703125;453.0877380371094;0.1538461595773697;134056952;DU
25;0;536.3825073242188;395.0950622558594;0.19230769574642181;134056968;DU
26;0;326.5464782714844;942.2263793945313;0.13461539149284363;134057325;DU
26;0;326.5464782714844;942.2263793945313;0.17307692766189575;134057368;DU
26;0;326.5464782714844;942.2263793945313;0.19230769574642181;134057385;DU
26;0;329.2238464355469;875.2510986328125;0.17307692766189575;134057402;DU
26;0;331.4637756347656;798.6643676757813;0.13461539149284363;134057418;DU
26;0;347.5036315917969;697.5747680664063;0.21153846383094788;134057435;DU
26;0;386.64947509765625;584.1268920898438;0.1538461595773697;134057452;DU
26;0;440.4919128417969;491.6351318359375;0.17307692766189575;134057468;DU
26;0;451.37310791015625;473.592529296875;0.21153846383094788;134057472;DU
27;0;324.54925537109375;922.2420043945313;0.19230769574642181;134057881;DU
27;0;324.54925537109375;922.2420043945313;0.17307692766189575;134057902;DU
27;0;319.0013732910156;862.1767578125;0.21153846383094788;134057918;DU
27;0;321.9357604980469;782.2039794921875;0.21153846383094788;134057935;DU
27;0;349.24554443359375;681.238525390625;0.25;134057952;DU
27;0;404.54840087890625;568.2798461914063;0.19230769574642181;134057968;DU
27;0;472.6324157714844;475.510498046875;0.21153846383094788;134057985;DU
27;0;534.75732421875;403.14752197265625;0.1538461595773697;134058002;DU
27;0;552.2330322265625;384.6619873046875;0.19230769574642181;134058007;DU
28;0;304.5769958496094;908.2529296875;0.13461539149284363;134058352;DU
28;0;304.5769958496094;908.2529296875;0.13461539149284363;134058368;DU
28;0;304.5769958496094;908.2529296875;0.17307692766189575;134058380;DU
28;0;298.5852966308594;827.6079711914063;0.1538461595773697;134058402;DU
28;0;307.4447021484375;745.3872680664063;0.17307692766189575;134058418;DU
28;0;338.0445251464844;643.944580078125;0.21153846383094788;134058435;DU
28;0;381.6880187988281;555.75048828125;0.23076924681663513;134058452;DU
28;0;430.6473388671875;486.19793701171875;0.21153846383094788;134058468;DU
28;0;480.8917541503906;426.15252685546875;0.23076924681663513;134058485;DU
28;0;527.51318359375;377.42181396484375;0.17307692766189575;134058502;DU
29;0;313.56451416015625;963.2099609375;0.1538461595773697;134058885;DU
29;0;313.56451416015625;963.2099609375;0.1538461595773697;134058902;DU
29;0;313.56451416015625;963.2099609375;0.19230769574642181;134058935;DU
29;0;306.9225769042969;920.4859008789063;0.19230769574642181;134058952;DU
29;0;309.6683349609375;857.1608276367188;0.19230769574642181;134058968;DU
29;0;320.5960693359375;767.5528564453125;0.19230769574642181;134058985;DU
29;0;348.71759033203125;664.2564697265625;0.19230769574642181;134059002;DU
29;0;387.7735290527344;576.5579833984375;0.1538461595773697;134059018;DU
30;0;330.5409240722656;931.2349853515625;0.19230769574642181;134059414;DU
30;0;330.5409240722656;931.2349853515625;0.17307692766189575;134059435;DU
30;0;330.5409240722656;931.2349853515625;0.19230769574642181;134059441;DU
30;0;330.5409240722656;931.2349853515625;0.1538461595773697;134059468;DU
30;0;328.8458251953125;854.0020751953125;0.19230769574642181;134059485;DU
30;0;331.1360168457031;764.7853393554688;0.19230769574642181;134059501;DU
30;0;358.4056091308594;661.2598876953125;0.19230769574642181;134059518;DU
30;0;398.5150451660156;560.817138671875;0.19230769574642181;134059535;DU
30;0;445.626220703125;493.390380859375;0.21153846383094788;134059551;DU
30;0;490.2877502441406;431.5918884277344;0.25;134059568;DU
30;0;534.2428588867188;383.1793518066406;0.21153846383094788;134059585;DU
30;0;551.2344360351563;366.676025390625;0.19230769574642181;134059593;DU
31;0;325.5478515625;942.2263793945313;0.1538461595773697;134059992;DU
31;0;325.5478515625;942.2263793945313;0.17307692766189575;134060013;DU
31;0;325.5478515625;942.2263793945313;0.17307692766189575;134060034;DU
31;0;329.5330505371094;905.67333984375;0.1538461595773697;134060051;DU
31;0;336.72698974609375;834.0658569335938;0.17307692766189575;134060068;DU
31;0;351.1322937011719;745.55615234375;0.21153846383094788;134060085;DU
31;0;376.3995361328125;648.7470092773438;0.23076924681663513;134060101;DU
31;0;411.8434753417969;577.6128540039063;0.21153846383094788;134060118;DU
31;0;443.3435974121094;521.078369140625;0.19230769574642181;134060135;DU
31;0;451.37310791015625;507.56597900390625;0.19230769574642181;134060138;DU
32;0;337.5312194824219;935.2318725585938;0.17307692766189575;134060517;DU
32;0;337.5312194824219;935.2318725585938;0.1538461595773697;134060551;DU
32;0;332.6822204589844;859.1967163085938;0.17307692766189575;134060568;DU
32;0;334.0102233886719;780.6470336914063;0.1538461595773697;134060584;DU
32;0;358.7565002441406;678.76171875;0.19230769574642181;134060601;DU
32;0;393.63238525390625;585.5070190429688;0.19230769574642181;134060618;DU
32;0;435.8647155761719;512.388671875;0.17307692766189575;134060634;DU
32;0;476.9844970703125;457.2480773925781;0.1538461595773697;134060651;DU
32;0;507.2954406738281;423.63153076171875;0.17307692766189575;134060663;DU
33;0;322.5520324707031;992.1873779296875;0.17307692766189575;134061068;DU
33;0;322.5520324707031;992.1873779296875;0.17307692766189575;134061079;DU
33;0;318.8864440917969;952.1585083007813;0.19230769574642181;134061101;DU
33;0;317.3153381347656;919.8764038085938;0.19230769574642181;134061118;DU
33;0;317.5589599609375;860.1925048828125;0.19230769574642181;134061134;DU
33;0;323.4219665527344;776.5628051757813;0.19230769574642181;134061151;DU
33;0;351.6180725097656;693.0402221679688;0.2884615361690521;134061168;DU
33;0;388.195556640625;628.9249877929688;0.32692310214042664;134061184;DU
33;0;426.7818298339844;574.1239013671875;0.32692310214042664;134061201;DU
33;0;462.5429382324219;524.8203125;0.2884615361690521;134061218;DU
33;0;506.0173645019531;467.69122314453125;0.25;134061234;DU
33;0;547.5559692382813;417.2820739746094;0.25;134061251;DU
34;0;337.5312194824219;919.2443237304688;0.1538461595773697;134061598;DU
34;0;337.5312194824219;919.2443237304688;0.1538461595773697;134061635;DU
34;0;337.5312194824219;872.281005859375;0.17307692766189575;134061650;DU
34;0;343.94708251953125;814.9275512695313;0.1538461595773697;134061668;DU
34;0;355.76544189453125;749.796630859375;0.13461539149284363;134061685;DU
34;0;374.9366760253906;670.450439453125;0.1538461595773697;134061701;DU
34;0;402.7746276855469;593.2748413085938;0.21153846383094788;134061718;DU
34;0;434.3875427246094;533.7525634765625;0.1538461595773697;134061735;DU
34;0;469.8439025878906;478.185302734375;0.1538461595773697;134061751;DU
34;0;477.3370361328125;466.59796142578125;0.17307692766189575;134061755;DU
35;0;335.53399658203125;904.2560424804688;0.1538461595773697;134062165;DU
35;0;333.80364990234375;878.2848510742188;0.17307692766189575;134062185;DU
35;0;332.038818359375;832.312255859375;0.13461539149284363;134062201;DU
35;0;330.5409240722656;762.0706787109375;0.17307692766189575;134062218;DU
35;0;334.5641174316406;706.7700805664063;0.19230769574642181;134062235;DU
35;0;342.9667663574219;662.9506225585938;0.23076924681663513;134062251;DU
35;0;359.46990966796875;618.5562744140625;0.19230769574642181;134062268;DU
35;0;388.22198486328125;568.9160766601563;0.17307692766189575;134062285;DU
35;0;426.14288330078125;523.7337646484375;0.19230769574642181;134062301;DU
35;0;464.81390380859375;480.1279296875;0.23076924681663513;134062318;DU
35;0;502.51129150390625;439.9565734863281;0.21153846383094788;134062335;DU
35;0;539.8961181640625;401.1845703125;0.21153846383094788;134062351;DU
35;0;575.531005859375;365.34674072265625;0.17307692766189575;134062368;DU
36;0;336.5325927734375;892.2654418945313;0.1538461595773697;134062679;DU
36;0;332.53814697265625;864.2872924804688;0.17307692766189575;134062700;DU
36;0;329.8489990234375;822.2265625;0.13461539149284363;134062718;DU
36;0;330.8078918457031;769.0054931640625;0.19230769574642181;134062735;DU
36;0;345.11273193359375;702.693359375;0.1538461595773697;134062751;DU
36;0;373.4812927246094;625.473876953125;0.1538461595773697;134062768;DU
36;0;423.61224365234375;543.8952026367188;0.17307692766189575;134062785;DU
36;0;475.5525207519531;476.45733642578125;0.19230769574642181;134062801;DU
36;0;526.0675659179688;421.33197021484375;0.1538461595773697;134062818;DU
37;0;366.4909973144531;917.2459106445313;0.1538461595773697;134063131;DU
37;0;366.4909973144531;917.2459106445313;0.1538461595773697;134063168;DU
37;0;366.4909973144531;917.2459106445313;0.11538462340831757;134063185;DU
37;0;374.305419921875;895.2100219726563;0.1538461595773697;134063201;DU
37;0;382.7000732421875;848.3706665039063;0.11538462340831757;134063218;DU
37;0;386.2678527832031;769.44921875;0.11538462340831757;134063235;DU
37;0;405.2435302734375;666.1950073242188;0.1538461595773697;134063251;DU
37;0;437.4585266113281;569.0084228515625;0.19230769574642181;134063268;DU
37;0;482.07305908203125;490.305908203125;0.19230769574642181;134063285;DU
37;0;525.5401000976563;422.0545349121094;0.17307692766189575;134063301;DU
37;0;560.66845703125;383.7261047363281;0.19230769574642181;134063318;DU
37;0;588.3158569335938;355.5517883300781;0.13461539149284363;134063335;DU
37;0;607.6270751953125;337.2280578613281;0.1538461595773697;134063351;DU
38;0;368.48822021484375;921.2427978515625;0.17307692766189575;134063634;DU
38;0;368.48822021484375;921.2427978515625;0.1538461595773697;134063651;DU
38;0;368.48822021484375;921.2427978515625;0.17307692766189575;134063668;DU
38;0;355.90289306640625;859.130859375;0.17307692766189575;134063685;DU
38;0;355.5062561035156;802.329833984375;0.17307692766189575;134063701;DU
38;0;372.15716552734375;718.8959350585938;0.1538461595773697;134063718;DU
38;0;409.43377685546875;624.2002563476563;0.17307692766189575;134063735;DU
38;0;457.35809326171875;544.16064453125;0.17307692766189575;134063751;DU
38;0;503.4478454589844;482.30517578125;0.17307692766189575;134063768;DU
38;0;508.2940368652344;475.5909423828125;0.13461539149284363;134063770;DU
39;0;389.4591064453125;951.2193603515625;0.13461539149284363;134064168;DU
39;0;389.4591064453125;951.2193603515625;0.1538461595773697;134064185;DU
39;0;388.4128112792969;900.966796875;0.13461539149284363;134064201;DU
39;0;386.1278381347656;838.5859985351563;0.13461539149284363;134064218;DU
39;0;381.6619567871094;759.6334838867188;0.1538461595773697;134064235;DU
39;0;383.1838684082031;679.3883666992188;0.19230769574642181;134064251;DU
39;0;396.5321960449219;608.0094604492188;0.21153846383094788;134064268;DU
39;0;424.0865173339844;543.0746459960938;0.23076924681663513;134064285;DU
39;0;467.6029052734375;479.0419921875;0.21153846383094788;134064301;DU
39;0;515.6237182617188;421.27099609375;0.25;134064318;DU
39;0;576.9335327148438;366.36712646484375;0.21153846383094788;134064335;DU
39;0;642.099609375;316.6240539550781;0.23076924681663513;134064351;DU
39;0;654.091552734375;307.7220764160156;0.23076924681663513;134064358;DU
40;0;353.509033203125;868.2841796875;0.13461539149284363;134064715;DU
40;0;353.509033203125;868.2841796875;0.11538462340831757;134064751;DU
40;0;354.50762939453125;840.3060302734375;0.13461539149284363;134064767;DU
40;0;348.9770812988281;796.7650146484375;0.17307692766189575;134064785;DU
40;0;345.1319274902344;736.6123657226563;0.1538461595773697;134064801;DU
40;0;362.3883361816406;640.1932373046875;0.19230769574642181;134064818;DU
40;0;393.236083984375;554.2565307617188;0.21153846383094788;134064835;DU
40;0;436.9288024902344;490.8402099609375;0.23076924681663513;134064851;DU
40;0;482.912109375;431.5648193359375;0.25;134064868;DU
40;0;536.4767456054688;380.062744140625;0.21153846383094788;134064885;DU
40;0;593.6810913085938;333.0832824707031;0.21153846383094788;134064901;DU
40;0;650.6641845703125;289.46875;0.19230769574642181;134064918;DU
40;0;672.7822265625;267.0372619628906;0.17307692766189575;134064935;DU
40;0;673.065185546875;266.75408935546875;0.17307692766189575;134064935;DU
41;0;329.54229736328125;884.2716674804688;0.1538461595773697;134065271;DU
41;0;329.54229736328125;884.2716674804688;0.17307692766189575;134065292;DU
41;0;329.54229736328125;884.2716674804688;0.1538461595773697;134065335;DU
41;0;328.90631103515625;806.49365234375;0.17307692766189575;134065351;DU
41;0;329.7372131347656;742.1843872070313;0.1538461595773697;134065368;DU
41;0;347.2332458496094;647.7732543945313;0.17307692766189575;134065385;DU
41;0;374.015380859375;563.5332641601563;0.19230769574642181;134065401;DU
41;0;404.4081726074219;510.619384765625;0.23076924681663513;134065418;DU
41;0;437.44488525390625;459.2815856933594;0.23076924681663513;134065435;DU
41;0;476.7520751953125;406.8179016113281;0.25;134065451;DU
41;0;519.2825927734375;363.674560546875;0.23076924681663513;134065468;DU
41;0;558.7163696289063;324.2168273925781;0.21153846383094788;134065485;DU
41;0;604.68994140625;287.98992919921875;0.21153846383094788;134065501;DU
41;0;649.1494750976563;253.90414428710938;0.19230769574642181;134065518;DU
41;0;659.0845947265625;245.77047729492188;0.1538461595773697;134065523;DU
42;0;263.5543212890625;875.8356323242188;0.11538462340831757;134075875;DU
42;0;267.09844970703125;838.9054565429688;0.11538462340831757;134075892;DU
42;0;271.80194091796875;791.156982421875;0.11538462340831757;134075909;DU
42;0;282.4682312011719;716.2992553710938;0.09615384787321091;134075925;DU
42;0;293.9909362792969;663.1978149414063;0.07692307978868484;134075935;DU
42;0;318.0258483886719;571.7792358398438;0.09615384787321091;134075952;DU
42;0;337.7903747558594;502.26678466796875;0.11538462340831757;134075968;DU
42;0;361.9270324707031;439.47314453125;0.09615384787321091;134075985;DU
42;0;391.1026611328125;376.0798034667969;0.11538462340831757;134076002;DU
42;0;417.5538330078125;322.5673522949219;0.17307692766189575;134076018;DU
42;0;438.294921875;286.7476501464844;0.07692307978868484;134076035;DU
42;0;453.9882507324219;263.82818603515625;0.1538461595773697;134076052;DU
43;0;235.6726837158203;977.1990966796875;0.09615384787321091;134076385;DU
43;0;235.6726837158203;977.1990966796875;0.09615384787321091;134076402;DU
43;0;234.6173553466797;921.6054077148438;0.05769231170415878;134076419;DU
43;0;238.7468719482422;865.5409545898438;0.11538462340831757;134076435;DU
43;0;247.34556579589844;797.1715698242188;0.05769231170415878;134076452;DU
43;0;260.4497985839844;726.884033203125;0.07692307978868484;134076469;DU
43;0;273.05914306640625;663.25244140625;0.13461539149284363;134076485;DU
43;0;291.3233337402344;591.001953125;0.07692307978868484;134076502;DU
43;0;313.18023681640625;520.2015991210938;0.11538462340831757;134076519;DU
43;0;336.0613708496094;457.6318359375;0.09615384787321091;134076535;DU
43;0;360.671142578125;398.5400390625;0.09615384787321091;134076552;DU
43;0;379.7223815917969;356.91326904296875;0.05769231170415878;134076569;DU
43;0;398.7646484375;321.7939147949219;0.09615384787321091;134076585;DU
43;0;415.03802490234375;292.4280090332031;0.11538462340831757;134076602;DU
43;0;423.5516662597656;278.55828857421875;0.13461539149284363;134076619;DU
44;0;270.6241455078125;898.2607421875;0.11538462340831757;134076934;DU
44;0;278.1105041503906;835.0353393554688;0.07692307978868484;134076952;DU
44;0;289.9271545410156;763.968994140625;0.11538462340831757;134076969;DU
44;0;308.50177001953125;697.8034057617188;0.11538462340831757;134076985;DU
44;0;324.54925537109375;624.474609375;0.09615384787321091;134077001;DU
44;0;341.2657775878906;553.5709838867188;0.09615384787321091;134077019;DU
44;0;358.509765625;490.75299072265625;0.09615384787321091;134077035;DU
44;0;375.26263427734375;426.7469177246094;0.13461539149284363;134077052;DU
44;0;389.2923889160156;377.4277038574219;0.11538462340831757;134077069;DU
44;0;403.79052734375;339.1223449707031;0.07692307978868484;134077085;DU
44;0;412.7862548828125;311.5685119628906;0.11538462340831757;134077102;DU
44;0;416.421630859375;301.7267761230469;0.13461539149284363;134077112;DU
45;0;217.69764709472656;966.2076416015625;0.11538462340831757;134077448;DU
45;0;217.69764709472656;966.2076416015625;0.13461539149284363;134077469;DU
45;0;225.31336975097656;911.5935668945313;0.09615384787321091;134077485;DU
45;0;235.39651489257813;859.5703735351563;0.05769231170415878;134077502;DU
45;0;250.39541625976563;795.3683471679688;0.11538462340831757;134077519;DU
45;0;264.0007629394531;729.2598266601563;0.11538462340831757;134077535;DU
45;0;288.1049499511719;662.4624633789063;0.05769231170415878;134077552;DU
45;0;317.29974365234375;585.9552001953125;0.13461539149284363;134077569;DU
45;0;350.29302978515625;513.7478637695313;0.13461539149284363;134077585;DU
45;0;376.7530517578125;452.32843017578125;0.07692307978868484;134077602;DU
45;0;405.281982421875;396.5013427734375;0.11538462340831757;134077619;DU
45;0;420.040283203125;366.27606201171875;0.1538461595773697;134077635;DU
45;0;430.0216369628906;346.4541015625;0.09615384787321091;134077652;DU
45;0;435.43511962890625;336.6396789550781;0.07692307978868484;134077669;DU
45;0;437.39251708984375;332.70257568359375;0.09615384787321091;134077679;DU
46;0;238.66851806640625;927.2380981445313;0.05769231170415878;134077985;DU
46;0;240.41502380371094;897.529541015625;0.07692307978868484;134078002;DU
46;0;244.07980346679688;859.4677734375;0.09615384787321091;134078019;DU
46;0;250.05242919921875;814.42822265625;0.07692307978868484;134078035;DU
46;0;258.6208190917969;758.8262939453125;0.13461539149284363;134078052;DU
46;0;266.7992248535156;697.059814453125;0.11538462340831757;134078069;DU
46;0;282.7205810546875;614.9725952148438;0.13461539149284363;134078085;DU
46;0;306.12774658203125;531.8302001953125;0.11538462340831757;134078102;DU
46;0;328.0383605957031;466.28094482421875;0.07692307978868484;134078119;DU
46;0;356.3013916015625;399.6596374511719;0.07692307978868484;134078135;DU
46;0;380.6496887207031;347.13592529296875;0.09615384787321091;134078152;DU
46;0;403.7567443847656;306.4690246582031;0.11538462340831757;134078169;DU
46;0;419.2833557128906;276.0154724121094;0.11538462340831757;134078185;DU
46;0;430.37054443359375;259.80938720703125;0.13461539149284363;134078202;DU
46;0;430.4022216796875;259.7595520019531;0.11538462340831757;134078202;DU
47;0;261.6366271972656;938.2294921875;0.07692307978868484;134078502;DU
47;0;261.6366271972656;938.2294921875;0.07692307978868484;134078519;DU
47;0;261.6366271972656;904.1574096679688;0.05769231170415878;134078535;DU
47;0;261.6366271972656;852.4644775390625;0.05769231170415878;134078552;DU
47;0;262.6352233886719;777.18798828125;0.11538462340831757;134078569;DU
47;0;268.3756103515625;696.114013671875;0.1538461595773697;134078585;DU
47;0;274.2930603027344;611.38525390625;0.1538461595773697;134078602;DU
47;0;292.74169921875;527.5314331054688;0.11538462340831757;134078619;DU
47;0;311.7529296875;466.34271240234375;0.11538462340831757;134078635;DU
47;0;342.6968994140625;397.2276611328125;0.05769231170415878;134078652;DU
47;0;373.87847900390625;337.7024230957031;0.11538462340831757;134078669;DU
47;0;401.7957763671875;293.05572509765625;0.11538462340831757;134078685;DU
47;0;416.0704650878906;271.278076171875;0.13461539149284363;134078702;DU
47;0;418.41888427734375;267.7533264160156;0.17307692766189575;134078705;DU
48;0;255.6449432373047;966.2076416015625;0.09615384787321091;134079035;DU
48;0;261.793212890625;911.3097534179688;0.07692307978868484;134079052;DU
48;0;271.98468017578125;852.6146240234375;0.13461539149284363;134079069;DU
48;0;288.9949645996094;783.1647338867188;0.09615384787321091;134079085;DU
48;0;313.7847595214844;706.1387939453125;0.11538462340831757;134079102;DU
48;0;342.1463623046875;623.8806762695313;0.05769231170415878;134079119;DU
48;0;369.9296569824219;549.03955078125;0.11538462340831757;134079135;DU
48;0;398.5835266113281;482.92578125;0.09615384787321091;134079152;DU
48;0;427.6668395996094;411.4032897949219;0.07692307978868484;134079169;DU
48;0;456.5030822753906;353.3211669921875;0.05769231170415878;134079185;DU
48;0;478.33172607421875;304.5794982910156;0.11538462340831757;134079202;DU
48;0;487.12481689453125;277.2755432128906;0.11538462340831757;134079219;DU
48;0;492.9907531738281;263.40582275390625;0.11538462340831757;134079235;DU
48;0;495.439208984375;258.50592041015625;0.1538461595773697;134079252;DU
49;0;295.98095703125;842.8557739257813;0.05769231170415878;134079536;DU
49;0;300.1094665527344;808.489013671875;0.09615384787321091;134079552;DU
49;0;307.4932556152344;756.6972045898438;0.11538462340831757;134079569;DU
49;0;317.49639892578125;692.8388671875;0.13461539149284363;134079586;DU
49;0;331.8233947753906;606.8688354492188;0.09615384787321091;134079602;DU
49;0;356.9075622558594;515.5017700195313;0.09615384787321091;134079619;DU
49;0;378.7596130371094;434.48992919921875;0.11538462340831757;134079636;DU
49;0;405.098876953125;359.3623352050781;0.07692307978868484;134079652;DU
49;0;429.4163513183594;295.4113464355469;0.13461539149284363;134079669;DU
49;0;456.156494140625;245.74163818359375;0.09615384787321091;134079686;DU
49;0;479.8742980957031;201.9432830810547;0.07692307978868484;134079702;DU
49;0;487.32318115234375;187.81576538085938;0.07692307978868484;134079712;DU
50;0;334.5353698730469;1000.18115234375;0.13461539149284363;134080015;DU
50;0;332.7221374511719;968.430419921875;0.11538462340831757;134080036;DU
50;0;332.53814697265625;914.248291015625;0.13461539149284363;134080052;DU
50;0;337.76019287109375;844.4877319335938;0.09615384787321091;134080069;DU
50;0;350.7728271484375;771.2379760742188;0.05769231170415878;134080086;DU
50;0;370.05914306640625;694.6770629882813;0.11538462340831757;134080102;DU
50;0;395.9952087402344;596.3744506835938;0.07692307978868484;134080119;DU
50;0;422.91259765625;513.561279296875;0.11538462340831757;134080135;DU
50;0;451.1508483886719;440.1750183105469;0.11538462340831757;134080152;DU
50;0;477.0722961425781;379.32891845703125;0.1538461595773697;134080169;DU
50;0;497.54534912109375;334.9791564941406;0.13461539149284363;134080186;DU
50;0;513.0822143554688;306.98236083984375;0.11538462340831757;134080202;DU
50;0;518.2801513671875;297.23028564453125;0.11538462340831757;134080209;DU
51;0;287.6005554199219;924.2404174804688;0.09615384787321091;134080502;DU
51;0;284.2165832519531;882.4790649414063;0.11538462340831757;134080519;DU
51;0;285.3013610839844;818.8381958007813;0.07692307978868484;134080536;DU
51;0;285.60333251953125;723.2666015625;0.11538462340831757;134080552;DU
51;0;292.1216125488281;602.7089233398438;0.13461539149284363;134080569;DU
51;0;305.8923645019531;484.0872802734375;0.11538462340831757;134080586;DU
51;0;320.3201599121094;404.97088623046875;0.1538461595773697;134080602;DU
51;0;342.4216613769531;326.9639587402344;0.11538462340831757;134080619;DU
51;0;367.3752136230469;263.91314697265625;0.09615384787321091;134080636;DU
51;0;395.9210205078125;220.47601318359375;0.11538462340831757;134080652;DU
51;0;415.42303466796875;190.8134307861328;0.05769231170415878;134080664;DU
52;0;283.6061096191406;939.2286987304688;0.1538461595773697;134080986;DU
52;0;283.6061096191406;939.2286987304688;0.09615384787321091;134081002;DU
52;0;295.4755554199219;859.8041381835938;0.11538462340831757;134081019;DU
52;0;309.4873962402344;801.3433837890625;0.07692307978868484;134081036;DU
52;0;325.50482177734375;728.6604614257813;0.13461539149284363;134081052;DU
52;0;350.51318359375;647.956298828125;0.11538462340831757;134081069;DU
52;0;377.55523681640625;563.8673095703125;0.13461539149284363;134081086;DU
52;0;405.6552429199219;498.62982177734375;0.07692307978868484;134081102;DU
52;0;433.92706298828125;431.4155578613281;0.11538462340831757;134081119;DU
52;0;459.5458679199219;387.72821044921875;0.09615384787321091;134081135;DU
52;0;480.1512145996094;350.0225830078125;0.09615384787321091;134081152;DU
52;0;492.52325439453125;332.4263610839844;0.09615384787321091;134081169;DU
53;0;291.5950012207031;939.2286987304688;0.11538462340831757;134081484;DU
53;0;291.5950012207031;939.2286987304688;0.09615384787321091;134081502;DU
53;0;298.22918701171875;879.4849853515625;0.07692307978868484;134081519;DU
53;0;304.24908447265625;813.1854248046875;0.05769231170415878;134081535;DU
53;0;313.46649169921875;733.7235107421875;0.07692307978868484;134081552;DU
53;0;326.3582458496094;651.2802124023438;0.11538462340831757;134081569;DU
53;0;346.9432678222656;572.5447998046875;0.07692307978868484;134081585;DU
53;0;366.9001770019531;508.48345947265625;0.13461539149284363;134081602;DU
53;0;390.29132080078125;459.80908203125;0.07692307978868484;134081619;DU
53;0;416.04705810546875;405.44281005859375;0.11538462340831757;134081635;DU
53;0;429.9643859863281;376.60137939453125;0.09615384787321091;134081652;DU
53;0;437.39251708984375;364.6775817871094;0.07692307978868484;134081662;DU
54;0;307.57281494140625;942.2263793945313;0.11538462340831757;134081985;DU
54;0;311.6440124511719;902.8475952148438;0.07692307978868484;134082002;DU
54;0;315.3642272949219;857.5999755859375;0.09615384787321091;134082019;DU
54;0;320.6134948730469;788.6410522460938;0.09615384787321091;134082035;DU
54;0;328.26141357421875;711.6634521484375;0.1538461595773697;134082052;DU
54;0;341.6083984375;632.345947265625;0.13461539149284363;134082069;DU
54;0;360.1142578125;556.371337890625;0.11538462340831757;134082085;DU
54;0;375.3525390625;496.62860107421875;0.11538462340831757;134082102;DU
54;0;397.3594665527344;437.3551025390625;0.11538462340831757;134082119;DU
54;0;418.32623291015625;391.6152648925781;0.17307692766189575;134082135;DU
54;0;431.9109802246094;363.0348815917969;0.09615384787321091;134082152;DU
54;0;440.88336181640625;346.9991455078125;0.05769231170415878;134082169;DU
55;0;275.6172180175781;934.2326049804688;0.11538462340831757;134082469;DU
55;0;277.1151123046875;865.2864990234375;0.13461539149284363;134082485;DU
55;0;284.0745544433594;824.5654907226563;0.11538462340831757;134082502;DU
55;0;297.6494140625;747.7705078125;0.11538462340831757;134082519;DU
55;0;314.52581787109375;658.7091674804688;0.1538461595773697;134082535;DU
55;0;338.3955078125;543.8509521484375;0.11538462340831757;134082552;DU
55;0;363.89447021484375;453.7085266113281;0.09615384787321091;134082569;DU
55;0;392.1092529296875;371.0208435058594;0.05769231170415878;134082585;DU
55;0;420.0330810546875;313.8114929199219;0.1538461595773697;134082602;DU
55;0;445.33233642578125;275.0682373046875;0.13461539149284363;134082619;DU
55;0;461.5784606933594;256.7204284667969;0.17307692766189575;134082635;DU
55;0;463.3564453125;254.76345825195313;0.11538462340831757;134082637;DU
56;0;305.5755920410156;930.2357788085938;0.09615384787321091;134082951;DU
56;0;311.5971984863281;909.4820556640625;0.05769231170415878;134082969;DU
56;0;322.1299743652344;861.4026489257813;0.13461539149284363;134082985;DU
56;0;333.99853515625;793.372314453125;0.1538461595773697;134083002;DU
56;0;353.7997131347656;719.2711791992188;0.09615384787321091;134083019;DU
56;0;374.0572814941406;626.8292236328125;0.1538461595773697;134083035;DU
56;0;399.4327392578125;544.4674072265625;0.09615384787321091;134083052;DU
56;0;424.1731872558594;471.30731201171875;0.11538462340831757;134083069;DU
56;0;457.94525146484375;397.669189453125;0.05769231170415878;134083085;DU
56;0;481.9153137207031;344.0352478027344;0.11538462340831757;134083102;DU
56;0;507.05035400390625;306.1265563964844;0.09615384787321091;134083119;DU
56;0;520.2774047851563;287.7377014160156;0.17307692766189575;134083129;DU
57;0;293.5922546386719;945.2240600585938;0.09615384787321091;134083476;DU
57;0;293.5922546386719;945.2240600585938;0.07692307978868484;134083497;DU
57;0;311.9066162109375;858.49560546875;0.09615384787321091;134083519;DU
57;0;325.1863708496094;790.9016723632813;0.13461539149284363;134083535;DU
57;0;345.9543151855469;709.8954467773438;0.09615384787321091;134083552;DU
57;0;376.0611572265625;606.8120727539063;0.13461539149284363;134083569;DU
57;0;408.4914855957031;516.9703369140625;0.07692307978868484;134083585;DU
57;0;438.849853515625;444.5433654785156;0.09615384787321091;134083602;DU
57;0;471.0955810546875;383.0187683105469;0.1538461595773697;134083619;DU
57;0;500.3029479980469;334.2604675292969;0.11538462340831757;134083635;DU
57;0;511.2898864746094;318.7135009765625;0.17307692766189575;134083644;DU
58;0;268.6269226074219;950.2201538085938;0.13461539149284363;134083969;DU
58;0;268.6269226074219;950.2201538085938;0.11538462340831757;134083985;DU
58;0;274.7564392089844;885.5450439453125;0.17307692766189575;134084002;DU
58;0;277.297607421875;830.7349853515625;0.09615384787321091;134084019;DU
58;0;281.7499084472656;758.3901977539063;0.11538462340831757;134084035;DU
58;0;292.5768127441406;676.4222412109375;0.11538462340831757;134084052;DU
58;0;315.1144714355469;579.9905395507813;0.09615384787321091;134084069;DU
58;0;340.5931701660156;498.57427978515625;0.07692307978868484;134084085;DU
58;0;371.5465393066406;421.548583984375;0.17307692766189575;134084102;DU
58;0;402.8104248046875;361.5957946777344;0.09615384787321091;134084119;DU
58;0;428.4169921875;319.19512939453125;0.1538461595773697;134084135;DU
58;0;451.1332092285156;290.7413635253906;0.09615384787321091;134084152;DU
58;0;454.3689270019531;286.7384948730469;0.11538462340831757;134084169;DU
58;0;454.3689270019531;286.7384948730469;0.13461539149284363;134084169;DU
59;0;216.69903564453125;907.2537231445313;0.11538462340831757;134084435;DU
59;0;216.69903564453125;907.2537231445313;0.13461539149284363;134084451;DU
59;0;220.78700256347656;874.5300903320313;0.1538461595773697;134084469;DU
59;0;226.39749145507813;818.4918212890625;0.09615384787321091;134084485;DU
59;0;241.91549682617188;736.3350830078125;0.11538462340831757;134084502;DU
59;0;261.11822509765625;651.2464599609375;0.19230769574642181;134084519;DU
59;0;283.4095458984375;557.6153564453125;0.11538462340831757;134084535;DU
59;0;309.1484680175781;487.0738525390625;0.1538461595773697;134084552;DU
59;0;339.0590515136719;417.6702575683594;0.07692307978868484;134084569;DU
59;0;365.8975830078125;366.0662841796875;0.1538461595773697;134084585;DU
59;0;396.3079528808594;320.13165283203125;0.1538461595773697;134084602;DU
59;0;415.4336242675781;293.719970703125;0.09615384787321091;134084619;DU
59;0;426.40777587890625;279.74395751953125;0.09615384787321091;134084629;DU
60;0;250.65187072753906;930.2357788085938;0.11538462340831757;134084901;DU
60;0;250.65187072753906;930.2357788085938;0.07692307978868484;134084933;DU
60;0;262.0377197265625;853.2789916992188;0.11538462340831757;134084969;DU
60;0;266.7188415527344;789.066650390625;0.13461539149284363;134084985;DU
60;0;273.0198059082031;716.6146240234375;0.13461539149284363;134085002;DU
60;0;283.1896057128906;638.6092529296875;0.07692307978868484;134085019;DU
60;0;304.3326416015625;556.319580078125;0.07692307978868484;134085035;DU
60;0;321.5770263671875;491.58123779296875;0.1538461595773697;134085052;DU
60;0;349.6366271972656;428.3426208496094;0.09615384787321091;134085069;DU
60;0;373.34942626953125;372.9352111816406;0.13461539149284363;134085085;DU
60;0;398.47021484375;326.0399169921875;0.13461539149284363;134085102;DU
60;0;416.1293640136719;295.0626220703125;0.11538462340831757;134085119;DU
60;0;427.90814208984375;275.8145751953125;0.13461539149284363;134085135;DU
61;0;280.6102600097656;964.209228515625;0.05769231170415878;134085414;DU
61;0;280.6102600097656;964.209228515625;0.11538462340831757;134085435;DU
61;0;287.78607177734375;920.0145263671875;0.09615384787321091;134085452;DU
61;0;289.7553405761719;870.9170532226563;0.09615384787321091;134085469;DU
61;0;289.5977783203125;792.8607177734375;0.11538462340831757;134085485;DU
61;0;290.94049072265625;706.1152954101563;0.11538462340831757;134085502;DU
61;0;303.8895568847656;602.69287109375;0.09615384787321091;134085519;DU
61;0;319.098876953125;505.3154296875;0.11538462340831757;134085535;DU
61;0;336.23529052734375;427.53558349609375;0.05769231170415878;134085552;DU
61;0;357.3414611816406;371.3685607910156;0.11538462340831757;134085569;DU
61;0;375.3302307128906;323.5556945800781;0.1538461595773697;134085585;DU
61;0;390.6996154785156;298.9918212890625;0.07692307978868484;134085602;DU
61;0;400.44384765625;281.2427978515625;0.05769231170415878;134085619;DU
62;0;368.48822021484375;935.2318725585938;0.11538462340831757;134089941;DU
62;0;369.1252136230469;881.3272094726563;0.11538462340831757;134089969;DU
62;0;374.4275207519531;832.731689453125;0.1538461595773697;134089985;DU
62;0;381.5726013183594;773.3583374023438;0.13461539149284363;134090002;DU
62;0;400.0409240722656;696.5673828125;0.1538461595773697;134090019;DU
62;0;422.37127685546875;613.6514892578125;0.1538461595773697;134090035;DU
62;0;448.9968566894531;540.6981811523438;0.19230769574642181;134090052;DU
62;0;479.1933288574219;481.08331298828125;0.1538461595773697;134090069;DU
62;0;496.3106994628906;458.6042175292969;0.17307692766189575;134090077;DU
63;0;341.5256652832031;908.2529296875;0.13461539149284363;134090477;DU
63;0;341.5256652832031;908.2529296875;0.17307692766189575;134090519;DU
63;0;337.2598571777344;883.2523803710938;0.1538461595773697;134090535;DU
63;0;333.37939453125;840.680908203125;0.13461539149284363;134090552;DU
63;0;331.7635498046875;790.1962280273438;0.1538461595773697;134090569;DU
63;0;330.1791687011719;736.0709228515625;0.13461539149284363;134090585;DU
63;0;329.54229736328125;662.9857788085938;0.13461539149284363;134090602;DU
63;0;332.7586364746094;595.399658203125;0.19230769574642181;134090619;DU
63;0;339.135498046875;545.1393432617188;0.23076924681663513;134090636;DU
63;0;352.0804748535156;501.13336181640625;0.21153846383094788;134090652;DU
63;0;367.81243896484375;458.6313171386719;0.19230769574642181;134090669;DU
63;0;395.52606201171875;412.5777282714844;0.21153846383094788;134090686;DU
63;0;426.4013366699219;369.5862121582031;0.17307692766189575;134090702;DU
63;0;436.3939208984375;357.68304443359375;0.1538461595773697;134090707;DU
64;0;329.54229736328125;938.2294921875;0.17307692766189575;134091033;DU
64;0;329.54229736328125;938.2294921875;0.1538461595773697;134091065;DU
64;0;324.5573425292969;882.3623657226563;0.13461539149284363;134091086;DU
64;0;322.38421630859375;838.7867431640625;0.13461539149284363;134091102;DU
64;0;320.4040832519531;782.6168212890625;0.19230769574642181;134091119;DU
64;0;324.86053466796875;711.648193359375;0.1538461595773697;134091136;DU
64;0;337.7220153808594;630.0330200195313;0.21153846383094788;134091152;DU
64;0;374.26983642578125;545.3030395507813;0.1538461595773697;134091169;DU
64;0;417.04998779296875;470.65093994140625;0.17307692766189575;134091186;DU
64;0;468.40008544921875;404.33013916015625;0.19230769574642181;134091202;DU
64;0;532.6238403320313;344.0325927734375;0.17307692766189575;134091219;DU
64;0;595.3388061523438;296.4282531738281;0.1538461595773697;134091236;DU
64;0;611.1511840820313;285.7392578125;0.17307692766189575;134091242;DU
65;0;306.57421875;921.2427978515625;0.13461539149284363;134091569;DU
65;0;306.57421875;921.2427978515625;0.17307692766189575;134091584;DU
65;0;302.3956604003906;855.7389526367188;0.19230769574642181;134091636;DU
65;0;312.384033203125;810.640380859375;0.17307692766189575;134091652;DU
65;0;323.54052734375;734.7857055664063;0.1538461595773697;134091669;DU
65;0;348.28564453125;632.160400390625;0.19230769574642181;134091686;DU
65;0;374.0251159667969;534.6753540039063;0.19230769574642181;134091702;DU
65;0;402.89813232421875;459.61175537109375;0.23076924681663513;134091719;DU
65;0;430.9974365234375;400.5355224609375;0.23076924681663513;134091736;DU
65;0;462.7919921875;347.03924560546875;0.26923078298568726;134091752;DU
65;0;500.4389343261719;301.21710205078125;0.21153846383094788;134091769;DU
65;0;524.2718505859375;279.74395751953125;0.17307692766189575;134091778;DU
66;0;317.5589599609375;886.2700805664063;0.19230769574642181;134092082;DU
66;0;315.5617370605469;840.0640869140625;0.1538461595773697;134092119;DU
66;0;317.79937744140625;785.7743530273438;0.19230769574642181;134092136;DU
66;0;322.45892333984375;706.2622680664063;0.17307692766189575;134092152;DU
66;0;330.0849609375;608.0404663085938;0.23076924681663513;134092169;DU
66;0;351.3703308105469;525.8548583984375;0.23076924681663513;134092186;DU
66;0;374.97918701171875;464.59954833984375;0.26923078298568726;134092202;DU
66;0;404.9601135253906;403.6020812988281;0.2884615361690521;134092219;DU
66;0;440.4163513183594;350.3888854980469;0.2884615361690521;134092236;DU
66;0;476.5655517578125;303.8730773925781;0.25;134092252;DU
66;0;497.3092956542969;285.7392578125;0.21153846383094788;134092260;DU
67;0;295.5894775390625;910.2513427734375;0.1538461595773697;134092569;DU
67;0;295.5894775390625;910.2513427734375;0.19230769574642181;134092586;DU
67;0;287.30438232421875;850.0701293945313;0.19230769574642181;134092619;DU
67;0;289.28143310546875;790.5685424804688;0.19230769574642181;134092636;DU
67;0;302.696044921875;729.5545043945313;0.1538461595773697;134092652;DU
67;0;318.33575439453125;649.3929443359375;0.17307692766189575;134092669;DU
67;0;340.28277587890625;575.8995361328125;0.19230769574642181;134092686;DU
67;0;361.2777404785156;510.93408203125;0.19230769574642181;134092702;DU
67;0;381.658203125;457.7114562988281;0.21153846383094788;134092719;DU
67;0;407.9931640625;405.970458984375;0.21153846383094788;134092736;DU
67;0;438.6787109375;364.02215576171875;0.19230769574642181;134092752;DU
67;0;467.7699279785156;330.9380187988281;0.19230769574642181;134092769;DU
67;0;474.3412170410156;324.7088317871094;0.19230769574642181;134092772;DU
68;0;291.5950012207031;902.2576293945313;0.17307692766189575;134093045;DU
68;0;291.5950012207031;902.2576293945313;0.19230769574642181;134093066;DU
68;0;286.6019592285156;866.2857055664063;0.21153846383094788;134093097;DU
68;0;284.604736328125;792.5325927734375;0.21153846383094788;134093119;DU
68;0;295.7662353515625;723.7473754882813;0.21153846383094788;134093136;DU
68;0;313.0196228027344;645.525146484375;0.19230769574642181;134093152;DU
68;0;344.7666015625;558.7246704101563;0.21153846383094788;134093169;DU
68;0;375.45147705078125;488.53680419921875;0.25;134093186;DU
68;0;402.5486145019531;438.4247741699219;0.25;134093202;DU
68;0;426.7349853515625;397.1061706542969;0.25;134093219;DU
68;0;454.15203857421875;359.8477783203125;0.25;134093236;DU
68;0;489.865234375;322.7935485839844;0.23076924681663513;134093252;DU
68;0;537.355712890625;288.1488342285156;0.17307692766189575;134093269;DU
69;0;338.5298156738281;887.2693481445313;0.17307692766189575;134093558;DU
69;0;338.5298156738281;887.2693481445313;0.19230769574642181;134093586;DU
69;0;333.7664489746094;836.0320434570313;0.1538461595773697;134093602;DU
69;0;333.5367736816406;783.32568359375;0.1538461595773697;134093619;DU
69;0;340.4977111816406;719.2412719726563;0.21153846383094788;134093636;DU
69;0;363.2423400878906;634.4793701171875;0.19230769574642181;134093652;DU
69;0;392.92041015625;551.0379638671875;0.21153846383094788;134093669;DU
69;0;422.81597900390625;487.5860595703125;0.21153846383094788;134093686;DU
69;0;459.0074157714844;432.46832275390625;0.19230769574642181;134093702;DU
69;0;499.8179626464844;384.93670654296875;0.21153846383094788;134093719;DU
69;0;531.4591674804688;352.45330810546875;0.19230769574642181;134093736;DU
69;0;550.2357788085938;332.70257568359375;0.21153846383094788;134093747;DU
70;0;274.61859130859375;880.2747802734375;0.19230769574642181;134094073;DU
70;0;257.7725830078125;785.3282470703125;0.21153846383094788;134094119;DU
70;0;261.6781921386719;726.6040649414063;0.19230769574642181;134094136;DU
70;0;269.30828857421875;658.6715698242188;0.19230769574642181;134094152;DU
70;0;289.6064453125;583.6782836914063;0.17307692766189575;134094169;DU
70;0;320.4873962402344;506.670166015625;0.19230769574642181;134094186;DU
70;0;355.1239929199219;430.8247375488281;0.19230769574642181;134094202;DU
70;0;394.26678466796875;369.9673767089844;0.23076924681663513;134094219;DU
70;0;427.86676025390625;324.9554138183594;0.25;134094236;DU
70;0;454.853271484375;292.78277587890625;0.23076924681663513;134094252;DU
70;0;481.41461181640625;267.0178527832031;0.23076924681663513;134094269;DU
70;0;505.32354736328125;245.08065795898438;0.19230769574642181;134094286;DU
70;0;516.282958984375;237.7767333984375;0.1538461595773697;134094292;DU
71;0;288.59918212890625;919.2443237304688;0.19230769574642181;134094670;DU
71;0;288.59918212890625;919.2443237304688;0.21153846383094788;134094702;DU
71;0;280.77264404296875;875.9664916992188;0.21153846383094788;134094719;DU
71;0;277.22698974609375;823.3355102539063;0.19230769574642181;134094736;DU
71;0;277.1856994628906;751.3914184570313;0.21153846383094788;134094752;DU
71;0;281.8825988769531;679.7444458007813;0.21153846383094788;134094769;DU
71;0;302.17169189453125;600.1908569335938;0.23076924681663513;134094786;DU
71;0;326.1142578125;535.84033203125;0.23076924681663513;134094802;DU
71;0;349.17730712890625;485.06884765625;0.26923078298568726;134094819;DU
71;0;376.1936340332031;438.92742919921875;0.26923078298568726;134094836;DU
71;0;402.1884460449219;396.4200134277344;0.32692310214042664;134094852;DU
71;0;430.77764892578125;356.5649719238281;0.3076923191547394;134094869;DU
71;0;457.10321044921875;322.9441223144531;0.25;134094886;DU
71;0;490.4119873046875;290.9233093261719;0.19230769574642181;134094902;DU
71;0;507.2954406738281;276.74627685546875;0.21153846383094788;134094912;DU
72;0;267.6282958984375;897.2615356445313;0.17307692766189575;134095225;DU
72;0;267.6282958984375;897.2615356445313;0.19230769574642181;134095246;DU
72;0;267.6282958984375;897.2615356445313;0.21153846383094788;134095268;DU
72;0;262.9136047363281;845.4348754882813;0.21153846383094788;134095286;DU
72;0;262.6352233886719;807.7529296875;0.21153846383094788;134095302;DU
72;0;268.3105773925781;749.989990234375;0.21153846383094788;134095319;DU
72;0;283.1443176269531;689.8051147460938;0.23076924681663513;134095336;DU
72;0;305.02606201171875;616.510498046875;0.19230769574642181;134095352;DU
72;0;320.8550109863281;555.42626953125;0.19230769574642181;134095369;DU
72;0;336.2090759277344;504.24322509765625;0.21153846383094788;134095386;DU
72;0;352.5372314453125;459.99176025390625;0.21153846383094788;134095402;DU
72;0;365.8568115234375;423.4768371582031;0.19230769574642181;134095419;DU
72;0;384.5248718261719;388.9480285644531;0.19230769574642181;134095436;DU
72;0;407.2264404296875;357.6270446777344;0.17307692766189575;134095452;DU
72;0;412.42718505859375;350.68853759765625;0.17307692766189575;134095456;DU
73;0;284.604736328125;910.2513427734375;0.17307692766189575;134095771;DU
73;0;280.7309265136719;873.8154296875;0.19230769574642181;134095819;DU
73;0;278.4720764160156;826.7998657226563;0.19230769574642181;134095836;DU
73;0;280.1058654785156;762.7108154296875;0.21153846383094788;134095852;DU
73;0;294.1667175292969;695.0458984375;0.19230769574642181;134095869;DU
73;0;319.67657470703125;613.3963623046875;0.17307692766189575;134095886;DU
73;0;358.3203125;535.4435424804688;0.17307692766189575;134095902;DU
73;0;401.08197021484375;458.16632080078125;0.19230769574642181;134095919;DU
73;0;448.2580261230469;394.78070068359375;0.1538461595773697;134095936;DU
73;0;494.3193359375;341.75799560546875;0.1538461595773697;134095952;DU
73;0;535.8408203125;306.505615234375;0.1538461595773697;134095969;DU
73;0;539.2510375976563;303.7252197265625;0.19230769574642181;134095970;DU
74;0;311.5672607421875;887.2693481445313;0.1538461595773697;134096302;DU
74;0;311.5672607421875;887.2693481445313;0.13461539149284363;134096312;DU
74;0;302.5797424316406;815.9149169921875;0.1538461595773697;134096336;DU
74;0;308.0321044921875;761.59326171875;0.1538461595773697;134096352;DU
74;0;319.42816162109375;704.16015625;0.17307692766189575;134096369;DU
74;0;330.43206787109375;638.89404296875;0.17307692766189575;134096386;DU
74;0;342.87518310546875;570.5908203125;0.17307692766189575;134096402;DU
74;0;354.5510559082031;522.8909301757813;0.17307692766189575;134096419;DU
74;0;365.86016845703125;483.46484375;0.17307692766189575;134096436;DU
74;0;378.731689453125;448.319580078125;0.19230769574642181;134096452;DU
74;0;401.7353515625;413.9422607421875;0.17307692766189575;134096469;DU
74;0;436.550537109375;376.511474609375;0.17307692766189575;134096486;DU
74;0;463.3564453125;355.68463134765625;0.09615384787321091;134096495;DU
75;0;297.5867004394531;910.2513427734375;0.13461539149284363;134096811;DU
75;0;297.5867004394531;910.2513427734375;0.17307692766189575;134096831;DU
75;0;287.5810546875;840.1172485351563;0.17307692766189575;134096852;DU
75;0;285.0037536621094;790.3302612304688;0.19230769574642181;134096869;DU
75;0;283.6061096191406;731.6685180664063;0.19230769574642181;134096886;DU
75;0;284.3887023925781;669.3087768554688;0.19230769574642181;134096902;DU
75;0;291.3500061035156;597.0022583007813;0.17307692766189575;134096919;DU
75;0;309.0688781738281;534.4519653320313;0.17307692766189575;134096936;DU
75;0;330.5409240722656;472.59332275390625;0.17307692766189575;134096952;DU
75;0;367.4902038574219;407.9283752441406;0.17307692766189575;134096969;DU
75;0;403.0302429199219;358.87908935546875;0.17307692766189575;134096986;DU
75;0;442.1064453125;314.3787536621094;0.17307692766189575;134097002;DU
75;0;474.0652160644531;277.22381591796875;0.1538461595773697;134097019;DU
75;0;475.3398132324219;275.7470703125;0.13461539149284363;134097020;DU
76;0;265.6310729980469;925.2396850585938;0.13461539149284363;134097335;DU
76;0;263.2243957519531;873.4645385742188;0.17307692766189575;134097369;DU
76;0;261.84405517578125;840.9136962890625;0.17307692766189575;134097386;DU
76;0;261.6366271972656;800.2362060546875;0.17307692766189575;134097402;DU
76;0;265.6396484375;753.2579956054688;0.19230769574642181;134097419;DU
76;0;273.8086242675781;697.8821411132813;0.19230769574642181;134097436;DU
76;0;296.5119323730469;627.5609741210938;0.21153846383094788;134097452;DU
76;0;328.822265625;558.8226318359375;0.19230769574642181;134097469;DU
76;0;364.22589111328125;492.9454345703125;0.19230769574642181;134097486;DU
76;0;398.491455078125;446.02392578125;0.1538461595773697;134097502;DU
76;0;436.4667663574219;397.2865295410156;0.1538461595773697;134097519;DU
76;0;475.84478759765625;355.1793212890625;0.1538461595773697;134097536;DU
76;0;517.4281005859375;318.164794921875;0.19230769574642181;134097552;DU
76;0;525.2704467773438;311.7189636230469;0.17307692766189575;134097555;DU
77;0;299.58392333984375;949.220947265625;0.13461539149284363;134097871;DU
77;0;293.5047607421875;911.7098999023438;0.17307692766189575;134097902;DU
77;0;291.5950012207031;868.083984375;0.17307692766189575;134097919;DU
77;0;291.5950012207031;823.0113525390625;0.17307692766189575;134097936;DU
77;0;295.94476318359375;775.7985229492188;0.17307692766189575;134097952;DU
77;0;303.54730224609375;724.79541015625;0.19230769574642181;134097969;DU
77;0;318.3152160644531;668.46484375;0.21153846383094788;134097986;DU
77;0;348.3968505859375;599.0150756835938;0.21153846383094788;134098002;DU
77;0;384.9409484863281;537.6427001953125;0.19230769574642181;134098019;DU
77;0;420.7164611816406;484.18316650390625;0.19230769574642181;134098036;DU
77;0;457.4463806152344;434.7301330566406;0.19230769574642181;134098052;DU
77;0;497.4053955078125;390.6789245605469;0.17307692766189575;134098069;DU
77;0;535.7559204101563;355.18499755859375;0.13461539149284363;134098085;DU
77;0;550.2357788085938;343.6940002441406;0.17307692766189575;134098091;DU
78;0;297.5867004394531;918.2451171875;0.11538462340831757;134098419;DU
78;0;295.0728454589844;894.7682495117188;0.13461539149284363;134098436;DU
78;0;291.6398620605469;856.3099975585938;0.13461539149284363;134098452;DU
78;0;295.6142578125;802.0548095703125;0.1538461595773697;134098469;DU
78;0;306.579345703125;746.1077270507813;0.1538461595773697;134098486;DU
78;0;316.7857971191406;698.4923706054688;0.21153846383094788;134098502;DU
78;0;325.5966796875;647.1636352539063;0.19230769574642181;134098519;DU
78;0;335.0774230957031;594.5126953125;0.17307692766189575;134098536;DU
78;0;351.57989501953125;543.32666015625;0.19230769574642181;134098552;DU
78;0;366.2191162109375;500.9788818359375;0.21153846383094788;134098569;DU
78;0;382.3562927246094;468.16522216796875;0.21153846383094788;134098586;DU
78;0;402.60906982421875;435.6337890625;0.19230769574642181;134098602;DU
78;0;425.8280029296875;401.7001953125;0.21153846383094788;134098619;DU
78;0;454.92901611328125;372.1658020019531;0.19230769574642181;134098636;DU
78;0;491.3005676269531;341.43621826171875;0.17307692766189575;134098652;DU
78;0;501.3037414550781;333.7017822265625;0.17307692766189575;134098657;DU
79;0;289.5977783203125;875.2786865234375;0.1538461595773697;134098973;DU
79;0;283.7932434082031;806.3921508789063;0.19230769574642181;134099002;DU
79;0;282.16455078125;756.6215209960938;0.19230769574642181;134099019;DU
79;0;290.59222412109375;698.4425659179688;0.17307692766189575;134099036;DU
79;0;308.7208251953125;622.49462890625;0.21153846383094788;134099052;DU
79;0;332.909912109375;539.7916259765625;0.19230769574642181;134099069;DU
79;0;365.24176025390625;460.2303466796875;0.19230769574642181;134099086;DU
79;0;404.6263732910156;383.50872802734375;0.19230769574642181;134099102;DU
79;0;437.45147705078125;330.6220703125;0.19230769574642181;134099119;DU
79;0;473.5776672363281;282.3676452636719;0.17307692766189575;134099136;DU
79;0;509.7824401855469;244.12265014648438;0.13461539149284363;134099152;DU
79;0;523.2732543945313;230.78219604492188;0.1538461595773697;134099161;DU
80;0;265.6310729980469;889.2677612304688;0.1538461595773697;134099486;DU
80;0;262.6750793457031;864.8659057617188;0.17307692766189575;134099502;DU
80;0;260.60858154296875;825.4342651367188;0.17307692766189575;134099519;DU
80;0;263.14068603515625;761.93212890625;0.17307692766189575;134099536;DU
80;0;271.2905578613281;697.4135131835938;0.23076924681663513;134099552;DU
80;0;287.5421447753906;627.59765625;0.19230769574642181;134099569;DU
80;0;306.8388366699219;562.9727783203125;0.19230769574642181;134099586;DU
80;0;321.92529296875;508.18756103515625;0.21153846383094788;134099602;DU
80;0;342.47943115234375;461.6916198730469;0.23076924681663513;134099619;DU
80;0;363.0535888671875;416.88177490234375;0.23076924681663513;134099636;DU
80;0;391.36370849609375;370.9195556640625;0.23076924681663513;134099652;DU
80;0;423.1932067871094;327.20257568359375;0.21153846383094788;134099669;DU
80;0;455.4952087402344;291.7375793457031;0.17307692766189575;134099686;DU
80;0;456.3661804199219;290.7353515625;0.19230769574642181;134099686;DU
81;0;294.5908508300781;934.2326049804688;0.17307692766189575;134100001;DU
81;0;294.5908508300781;934.2326049804688;0.19230769574642181;134100017;DU
81;0;285.60333251953125;902.2576293945313;0.21153846383094788;134100033;DU
81;0;278.17120361328125;849.7588500976563;0.19230769574642181;134100052;DU
81;0;272.7162170410156;794.2418823242188;0.21153846383094788;134100069;DU
81;0;271.62274169921875;723.146240234375;0.21153846383094788;134100086;DU
81;0;282.133544921875;630.1549072265625;0.21153846383094788;134100102;DU
81;0;308.58172607421875;538.84228515625;0.23076924681663513;134100119;DU
81;0;359.3370361328125;444.9743957519531;0.19230769574642181;134100136;DU
81;0;418.84429931640625;359.1912536621094;0.1538461595773697;134100152;DU
81;0;444.3828125;339.6971130371094;0.19230769574642181;134100159;DU
82;0;282.60748291015625;902.2576293945313;0.17307692766189575;134100558;DU
82;0;282.60748291015625;902.2576293945313;0.19230769574642181;134100589;DU
82;0;282.60748291015625;902.2576293945313;0.21153846383094788;134100610;DU
82;0;282.60748291015625;902.2576293945313;0.23076924681663513;134100631;DU
82;0;275.5677490234375;829.6209716796875;0.23076924681663513;134100652;DU
82;0;276.248779296875;775.1189575195313;0.23076924681663513;134100669;DU
82;0;281.66119384765625;715.4058227539063;0.25;134100686;DU
82;0;302.3266296386719;642.8645629882813;0.23076924681663513;134100702;DU
82;0;336.0500183105469;565.4871826171875;0.19230769574642181;134100719;DU
82;0;375.55419921875;494.44793701171875;0.19230769574642181;134100736;DU
82;0;405.96923828125;435.5560607910156;0.19230769574642181;134100752;DU
82;0;431.3606262207031;390.6627197265625;0.21153846383094788;134100769;DU
82;0;452.82061767578125;356.6076965332031;0.21153846383094788;134100786;DU
82;0;469.10296630859375;330.6969909667969;0.19230769574642181;134100802;DU
82;0;475.3398132324219;323.7095947265625;0.19230769574642181;134100809;DU
83;0;271.62274169921875;834.3106689453125;0.19230769574642181;134101135;DU
83;0;270.6241455078125;785.9111328125;0.21153846383094788;134101152;DU
83;0;271.8979797363281;740.666015625;0.21153846383094788;134101169;DU
83;0;274.32763671875;697.3510131835938;0.23076924681663513;134101186;DU
83;0;280.4864196777344;650.85302734375;0.23076924681663513;134101202;DU
83;0;295.96697998046875;597.1519165039063;0.19230769574642181;134101219;DU
83;0;311.0575256347656;545.5781860351563;0.19230769574642181;134101236;DU
83;0;324.4425354003906;499.261962890625;0.21153846383094788;134101252;DU
83;0;341.5436706542969;457.0648193359375;0.23076924681663513;134101269;DU
83;0;357.6053771972656;424.4268493652344;0.21153846383094788;134101286;DU
83;0;367.49285888671875;397.6425476074219;0.23076924681663513;134101302;DU
83;0;374.84197998046875;378.7601623535156;0.21153846383094788;134101319;DU
83;0;379.9649658203125;367.6898498535156;0.19230769574642181;134101336;DU
83;0;382.46881103515625;365.67681884765625;0.1538461595773697;134101352;DU
83;0;382.46881103515625;365.67681884765625;0.17307692766189575;134101354;DU
84;0;297.5867004394531;977.1990966796875;0.17307692766189575;134101616;DU
84;0;297.5867004394531;977.1990966796875;0.19230769574642181;134101632;DU
84;0;288.5196838378906;901.104248046875;0.23076924681663513;134101669;DU
84;0;289.80120849609375;846.4307861328125;0.23076924681663513;134101686;DU
84;0;296.5658264160156;778.7503662109375;0.23076924681663513;134101702;DU
84;0;309.0511169433594;722.8563232421875;0.21153846383094788;134101719;DU
84;0;320.5661315917969;662.0979614257813;0.23076924681663513;134101736;DU
84;0;333.4823913574219;608.6884155273438;0.23076924681663513;134101752;DU
84;0;352.2350769042969;557.41064453125;0.21153846383094788;134101769;DU
84;0;370.57977294921875;507.8060302734375;0.23076924681663513;134101786;DU
84;0;391.9388122558594;463.6339416503906;0.23076924681663513;134101802;DU
84;0;412.8519592285156;425.80035400390625;0.23076924681663513;134101819;DU
84;0;430.5553894042969;393.0664978027344;0.25;134101836;DU
84;0;448.3243713378906;369.6454162597656;0.23076924681663513;134101852;DU
84;0;458.8627014160156;357.1834716796875;0.17307692766189575;134101862;DU
85;0;288.59918212890625;894.2638549804688;0.17307692766189575;134102119;DU
85;0;288.59918212890625;894.2638549804688;0.19230769574642181;134102136;DU
85;0;280.08697509765625;854.1104736328125;0.19230769574642181;134102152;DU
85;0;278.0131530761719;815.5159912109375;0.19230769574642181;134102169;DU
85;0;277.61444091796875;766.3040771484375;0.23076924681663513;134102186;DU
85;0;279.5806884765625;722.8629760742188;0.23076924681663513;134102202;DU
85;0;292.9736633300781;667.7191772460938;0.25;134102219;DU
85;0;310.4136962890625;609.1135864257813;0.23076924681663513;134102236;DU
85;0;326.7464294433594;559.65185546875;0.23076924681663513;134102252;DU
85;0;344.0341796875;516.938232421875;0.25;134102269;DU
85;0;361.9368591308594;480.81988525390625;0.23076924681663513;134102286;DU
85;0;377.4757080078125;446.6135559082031;0.25;134102302;DU
85;0;394.5107116699219;419.94061279296875;0.23076924681663513;134102319;DU
85;0;409.7735595703125;395.7868957519531;0.23076924681663513;134102336;DU
85;0;424.1863098144531;374.6607666015625;0.17307692766189575;134102352;DU
86;0;265.8795471191406;873.8848876953125;0.19230769574642181;134102636;DU
86;0;267.59027099609375;823.6138916015625;0.19230769574642181;134102653;DU
86;0;272.1220703125;759.3692626953125;0.21153846383094788;134102669;DU
86;0;284.7763366699219;685.4375;0.25;134102686;DU
86;0;306.4032897949219;614.1102294921875;0.25;134102703;DU
86;0;322.9118957519531;551.7620849609375;0.21153846383094788;134102719;DU
86;0;339.8084716796875;508.5799560546875;0.25;134102736;DU
86;0;356.76971435546875;468.9595947265625;0.23076924681663513;134102753;DU
86;0;371.6199951171875;432.8471374511719;0.21153846383094788;134102769;DU
86;0;391.51953125;398.55615234375;0.25;134102786;DU
86;0;409.2744140625;372.5364074707031;0.19230769574642181;134102803;DU
86;0;417.4202575683594;362.6791687011719;0.1538461595773697;134102810;DU
87;0;274.61859130859375;940.2279663085938;0.1538461595773697;134103103;DU
87;0;274.61859130859375;940.2279663085938;0.17307692766189575;134103108;DU
87;0;270.6241455078125;904.2560424804688;0.19230769574642181;134103134;DU
87;0;271.0749816894531;840.0993041992188;0.19230769574642181;134103153;DU
87;0;277.63739013671875;762.2520141601563;0.19230769574642181;134103169;DU
87;0;298.13934326171875;682.2514038085938;0.23076924681663513;134103186;DU
87;0;317.5589294433594;608.4871826171875;0.23076924681663513;134103202;DU
87;0;338.8229675292969;549.2072143554688;0.21153846383094788;134103219;DU
87;0;360.94049072265625;491.36370849609375;0.23076924681663513;134103236;DU
87;0;378.36676025390625;442.4659423828125;0.25;134103253;DU
87;0;398.6288146972656;400.2848815917969;0.26923078298568726;134103269;DU
87;0;416.48638916015625;364.54803466796875;0.21153846383094788;134103286;DU
87;0;440.4472351074219;328.2235412597656;0.19230769574642181;134103303;DU
87;0;464.572021484375;300.16912841796875;0.17307692766189575;134103319;DU
87;0;469.34814453125;295.7314453125;0.21153846383094788;134103323;DU
88;0;269.6255187988281;894.2638549804688;0.1538461595773697;134103653;DU
88;0;269.6255187988281;894.2638549804688;0.17307692766189575;134103669;DU
88;0;271.1684265136719;867.2467651367188;0.19230769574642181;134103686;DU
88;0;272.74755859375;822.1500244140625;0.21153846383094788;134103703;DU
88;0;275.0517578125;749.400634765625;0.21153846383094788;134103719;DU
88;0;280.7740478515625;671.8876342773438;0.25;134103736;DU
88;0;303.7484436035156;580.0276489257813;0.2884615361690521;134103753;DU
88;0;332.19696044921875;493.18511962890625;0.26923078298568726;134103769;DU
88;0;365.2676086425781;412.329833984375;0.25;134103786;DU
88;0;411.1092529296875;336.5289611816406;0.23076924681663513;134103803;DU
88;0;466.5478210449219;267.55767822265625;0.21153846383094788;134103819;DU
88;0;522.54345703125;214.10858154296875;0.19230769574642181;134103836;DU
88;0;558.4295043945313;183.0723114013672;0.17307692766189575;134103853;DU
89;0;280.6102600097656;885.2708740234375;0.21153846383094788;134104186;DU
89;0;274.8752136230469;827.254150390625;0.21153846383094788;134104203;DU
89;0;274.61859130859375;764.1370239257813;0.19230769574642181;134104219;DU
89;0;289.97845458984375;682.9993286132813;0.19230769574642181;134104236;DU
89;0;312.3876037597656;602.7799072265625;0.21153846383094788;134104253;DU
89;0;333.39447021484375;533.8300170898438;0.19230769574642181;134104269;DU
89;0;352.458984375;476.576904296875;0.19230769574642181;134104286;DU
89;0;366.1060485839844;425.4988098144531;0.19230769574642181;134104303;DU
89;0;380.6651916503906;375.2668151855469;0.21153846383094788;134104319;DU
89;0;397.8525085449219;332.4357604980469;0.25;134104336;DU
89;0;412.2245178222656;308.2161865234375;0.23076924681663513;134104353;DU
89;0;434.9541320800781;275.0963439941406;0.23076924681663513;134104369;DU
89;0;468.52197265625;244.27365112304688;0.19230769574642181;134104386;DU
90;0;319.5561828613281;915.2474365234375;0.1538461595773697;134104666;DU
90;0;317.73358154296875;870.5663452148438;0.17307692766189575;134104686;DU
90;0;319.0568542480469;818.3231201171875;0.17307692766189575;134104702;DU
90;0;322.9328308105469;757.9214477539063;0.19230769574642181;134104719;DU
90;0;333.6007080078125;686.1063842773438;0.21153846383094788;134104736;DU
90;0;359.33636474609375;605.5203857421875;0.19230769574642181;134104753;DU
90;0;396.62786865234375;523.9866943359375;0.19230769574642181;134104769;DU
90;0;442.6631164550781;446.9808654785156;0.17307692766189575;134104786;DU
90;0;497.73486328125;372.5317077636719;0.17307692766189575;134104803;DU
90;0;548.773193359375;317.8315124511719;0.19230769574642181;134104819;DU
90;0;591.1563720703125;276.0378112792969;0.19230769574642181;134104836;DU
90;0;615.4129028320313;252.36447143554688;0.17307692766189575;134104853;DU
90;0;617.1428833007813;250.7666015625;0.17307692766189575;134104854;DU
91;0;321.55340576171875;917.2459106445313;0.1538461595773697;134105168;DU
91;0;323.23956298828125;871.8231811523438;0.19230769574642181;134105186;DU
91;0;326.1128234863281;826.8301391601563;0.19230769574642181;134105203;DU
91;0;329.3042907714844;773.41015625;0.21153846383094788;134105219;DU
91;0;335.3652648925781;711.0966796875;0.19230769574642181;134105236;DU
91;0;353.3023376464844;635.3600463867188;0.19230769574642181;134105253;DU
91;0;370.1961975097656;562.3396606445313;0.19230769574642181;134105269;DU
91;0;388.0497131347656;496.29864501953125;0.19230769574642181;134105286;DU
91;0;414.1983947753906;429.66973876953125;0.19230769574642181;134105303;DU
91;0;439.85955810546875;373.7957458496094;0.23076924681663513;134105319;DU
91;0;464.6228942871094;336.2706604003906;0.21153846383094788;134105336;DU
91;0;484.9026184082031;311.1433410644531;0.23076924681663513;134105353;DU
91;0;505.65264892578125;291.56097412109375;0.19230769574642181;134105369;DU
91;0;518.2801513671875;282.7416076660156;0.19230769574642181;134105378;DU
92;0;308.5714416503906;932.2341918945313;0.11538462340831757;134105669;DU
92;0;308.5714416503906;932.2341918945313;0.1538461595773697;134105686;DU
92;0;300.1498107910156;896.420654296875;0.1538461595773697;134105703;DU
92;0;297.5867004394531;845.9993896484375;0.1538461595773697;134105719;DU
92;0;303.79345703125;778.6585083007813;0.17307692766189575;134105736;DU
92;0;315.44439697265625;720.9866333007813;0.21153846383094788;134105753;DU
92;0;326.3440246582031;655.267333984375;0.21153846383094788;134105769;DU
92;0;350.6315612792969;580.1536254882813;0.19230769574642181;134105786;DU
92;0;372.9541931152344;515.9583129882813;0.21153846383094788;134105803;DU
92;0;403.8438415527344;448.5928039550781;0.19230769574642181;134105819;DU
92;0;427.0111389160156;399.01788330078125;0.23076924681663513;134105836;DU
92;0;453.4741516113281;358.7059020996094;0.23076924681663513;134105853;DU
92;0;478.904541015625;326.1917724609375;0.21153846383094788;134105869;DU
92;0;507.5924987792969;300.6896057128906;0.21153846383094788;134105886;DU
92;0;539.1456298828125;278.8632507324219;0.19230769574642181;134105903;DU
93;0;290.5964050292969;925.2396850585938;0.13461539149284363;134106203;DU
93;0;287.82965087890625;864.3341674804688;0.17307692766189575;134106219;DU
93;0;296.33056640625;815.829345703125;0.1538461595773697;134106236;DU
93;0;311.4093017578125;748.8418579101563;0.19230769574642181;134106253;DU
93;0;332.0190124511719;672.5792846679688;0.21153846383094788;134106269;DU
93;0;365.2527770996094;592.6572265625;0.23076924681663513;134106286;DU
93;0;399.27996826171875;523.2408447265625;0.23076924681663513;134106303;DU
93;0;428.18609619140625;465.8541259765625;0.23076924681663513;134106319;DU
93;0;458.79412841796875;415.3951416015625;0.23076924681663513;134106336;DU
93;0;487.7665710449219;372.2771911621094;0.25;134106353;DU
93;0;514.1343383789063;336.9579162597656;0.23076924681663513;134106369;DU
93;0;539.2894897460938;310.6813049316406;0.19230769574642181;134106386;DU
93;0;554.230224609375;300.7275695800781;0.19230769574642181;134106393;DU
94;0;317.5589599609375;912.2498168945313;0.1538461595773697;134106719;DU
94;0;321.1784362792969;871.2041015625;0.19230769574642181;134106753;DU
94;0;323.3623046875;831.7820434570313;0.21153846383094788;134106769;DU
94;0;326.3351135253906;770.5932006835938;0.21153846383094788;134106786;DU
94;0;331.4070129394531;702.9728393554688;0.21153846383094788;134106803;DU
94;0;345.9041748046875;622.0742797851563;0.25;134106819;DU
94;0;365.4024658203125;551.846435546875;0.21153846383094788;134106836;DU
94;0;384.4881896972656;493.13623046875;0.23076924681663513;134106853;DU
94;0;406.3236389160156;443.7923889160156;0.21153846383094788;134106869;DU
94;0;421.6940002441406;410.2987060546875;0.23076924681663513;134106886;DU
94;0;444.150146484375;377.1269226074219;0.23076924681663513;134106903;DU
94;0;469.9587097167969;346.77294921875;0.1538461595773697;134106919;DU
94;0;487.32318115234375;331.703369140625;0.19230769574642181;134106928;DU
95;0;339.5284423828125;913.2490234375;0.19230769574642181;134107286;DU
95;0;336.5325927734375;852.5245361328125;0.19230769574642181;134107319;DU
95;0;339.9656066894531;798.2727661132813;0.19230769574642181;134107336;DU
95;0;347.6649169921875;739.9204711914063;0.1538461595773697;134107353;DU
95;0;365.3706970214844;669.9995727539063;0.19230769574642181;134107369;DU
95;0;387.307373046875;586.9680786132813;0.19230769574642181;134107386;DU
95;0;415.71734619140625;505.232666015625;0.19230769574642181;134107403;DU
95;0;435.43438720703125;437.1867980957031;0.19230769574642181;134107419;DU
95;0;458.7060546875;378.8429870605469;0.17307692766189575;134107436;DU
95;0;475.86712646484375;333.9287414550781;0.21153846383094788;134107453;DU
95;0;494.0230407714844;298.98785400390625;0.19230769574642181;134107469;DU
95;0;511.50201416015625;271.9864501953125;0.21153846383094788;134107486;DU
95;0;529.5983276367188;252.43142700195313;0.19230769574642181;134107503;DU
95;0;554.4403076171875;232.87283325195313;0.19230769574642181;134107519;DU
95;0;575.1620483398438;220.396484375;0.1538461595773697;134107536;DU
95;0;576.19970703125;219.79080200195313;0.13461539149284363;134107537;DU
96;0;318.55755615234375;910.2513427734375;0.1538461595773697;134107869;DU
96;0;318.55755615234375;910.2513427734375;0.1538461595773697;134107886;DU
96;0;318.55755615234375;868.9430541992188;0.17307692766189575;134107903;DU
96;0;319.9690856933594;813.0958251953125;0.17307692766189575;134107919;DU
96;0;324.5797119140625;745.9832763671875;0.21153846383094788;134107936;DU
96;0;333.05206298828125;678.4732666015625;0.23076924681663513;134107953;DU
96;0;354.90020751953125;599.8658447265625;0.19230769574642181;134107969;DU
96;0;381.7467956542969;522.597900390625;0.21153846383094788;134107986;DU
96;0;414.2087097167969;448.0984802246094;0.19230769574642181;134108003;DU
96;0;439.6888122558594;393.9451599121094;0.21153846383094788;134108019;DU
96;0;466.17156982421875;346.1710205078125;0.21153846383094788;134108036;DU
96;0;489.32470703125;309.7808532714844;0.23076924681663513;134108053;DU
96;0;509.47979736328125;286.06298828125;0.25;134108069;DU
96;0;525.6021728515625;269.41986083984375;0.19230769574642181;134108086;DU
96;0;545.2069091796875;255.4534912109375;0.19230769574642181;134108103;DU
96;0;546.2413330078125;254.76345825195313;0.19230769574642181;134108114;DU
97;0;337.5312194824219;858.2919311523438;0.19230769574642181;134108418;DU
97;0;337.5312194824219;806.716552734375;0.17307692766189575;134108436;DU
97;0;341.56494140625;763.6652221679688;0.17307692766189575;134108453;DU
97;0;355.8517761230469;709.6969604492188;0.17307692766189575;134108469;DU
97;0;374.1458740234375;642.3368530273438;0.19230769574642181;134108486;DU
97;0;398.4414367675781;569.0321044921875;0.17307692766189575;134108503;DU
97;0;419.00128173828125;508.81536865234375;0.21153846383094788;134108519;DU
97;0;439.49688720703125;448.6060791015625;0.19230769574642181;134108536;DU
97;0;462.12835693359375;403.1071472167969;0.21153846383094788;134108553;DU
97;0;479.74169921875;368.3503723144531;0.19230769574642181;134108569;DU
97;0;499.7601013183594;337.6851806640625;0.17307692766189575;134108586;DU
97;0;517.8350219726563;316.4742431640625;0.21153846383094788;134108603;DU
97;0;537.948974609375;296.03515625;0.17307692766189575;134108619;DU
97;0;557.82958984375;280.7898864746094;0.17307692766189575;134108636;DU
97;0;559.2233276367188;279.74395751953125;0.19230769574642181;134108637;DU
98;0;278.613037109375;926.2388916015625;0.17307692766189575;134108931;DU
98;0;278.613037109375;926.2388916015625;0.19230769574642181;134108952;DU
98;0;277.61444091796875;888.2685546875;0.19230769574642181;134108983;DU
98;0;277.61444091796875;835.6302490234375;0.19230769574642181;134109003;DU
98;0;279.0857849121094;776.8388061523438;0.21153846383094788;134109019;DU
98;0;288.9774475097656;720.600341796875;0.21153846383094788;134109036;DU
98;0;308.3263854980469;646.7312622070313;0.21153846383094788;134109053;DU
98;0;327.7572326660156;569.6676635742188;0.19230769574642181;134109069;DU
98;0;353.4239807128906;503.3779296875;0.21153846383094788;134109086;DU
98;0;372.1220397949219;442.15411376953125;0.21153846383094788;134109103;DU
98;0;389.4116516113281;398.7658386230469;0.21153846383094788;134109119;DU
98;0;410.06805419921875;362.0409240722656;0.21153846383094788;134109136;DU
98;0;429.2481994628906;328.96484375;0.19230769574642181;134109153;DU
98;0;451.67108154296875;303.0062561035156;0.21153846383094788;134109169;DU
98;0;476.5521240234375;276.3813171386719;0.21153846383094788;134109186;DU
98;0;500.1703186035156;255.87832641601563;0.21153846383094788;134109203;DU
98;0;519.778076171875;239.27557373046875;0.1538461595773697;134109218;DU
99;0;299.58392333984375;943.2255859375;0.1538461595773697;134109486;DU
99;0;299.58392333984375;889.326171875;0.19230769574642181;134109519;DU
99;0;304.7486267089844;842.101318359375;0.19230769574642181;134109536;DU
99;0;314.14312744140625;778.7279052734375;0.21153846383094788;134109553;DU
99;0;323.5955505371094;712.083740234375;0.23076924681663513;134109569;DU
99;0;338.03338623046875;636.2034912109375;0.21153846383094788;134109586;DU
99;0;359.1468505859375;561.6417846679688;0.21153846383094788;134109603;DU
99;0;377.126953125;495.33184814453125;0.25;134109619;DU
99;0;400.97064208984375;431.4610900878906;0.21153846383094788;134109636;DU
99;0;421.3387756347656;374.8839111328125;0.23076924681663513;134109653;DU
99;0;440.734619140625;332.7044677734375;0.23076924681663513;134109669;DU
99;0;461.2712097167969;298.6407775878906;0.25;134109686;DU
99;0;482.9593200683594;271.3611145019531;0.23076924681663513;134109703;DU
99;0;505.11004638671875;248.9564208984375;0.17307692766189575;134109719;DU
99;0;513.287109375;240.77438354492188;0.1538461595773697;134109726;DU
